Name,CreatedBy,CreatedOn,Category,FloorName,Description,ExtSystem,ExtObject,ExtIdentifier,RoomTag,UsableHeight,GrossArea,NetArea,,,,,,
1AC1,danielle.r.love@usace.army.mil,2013-12-30T08:58:02,13-51 31 11: Waiting Room,First Floor,CENTRAL WAITING,"Autodesk Revit 2014, Build: 20131024_2115(x64)",Autodesk.Revit.DB.Architecture.Room,3dde7303-5414-4af6-b96b-591f33d44ad6-00061e93,n/a,4.57,139.7547,139.7547,,,,,,
1AC2,danielle.r.love@usace.army.mil,2013-12-30T08:58:02,13-85 11 11: Corridor,First Floor,CORRIDOR,"Autodesk Revit 2014, Build: 20131024_2115(x64)",Autodesk.Revit.DB.Architecture.Room,3dde7303-5414-4af6-b96b-591f33d44ad6-00062032,n/a,4.47,19.605,19.605,,,,,,
1AC3,danielle.r.love@usace.army.mil,2013-12-30T08:58:02,13-85 11 11: Corridor,First Floor,CORRIDOR,"Autodesk Revit 2014, Build: 20131024_2115(x64)",Autodesk.Revit.DB.Architecture.Room,3dde7303-5414-4af6-b96b-591f33d44ad6-00062035,n/a,2.4,16.2935,16.2935,,,,,,
1AC4,danielle.r.love@usace.army.mil,2013-12-30T08:58:02,13-85 11 11: Corridor,First Floor,CORRIDOR,"Autodesk Revit 2014, Build: 20131024_2115(x64)",Autodesk.Revit.DB.Architecture.Room,3dde7303-5414-4af6-b96b-591f33d44ad6-00062038,n/a,2.4,9.5515,9.5515,,,,,,
1AC5,danielle.r.love@usace.army.mil,2013-12-30T08:58:02,13-85 11 11: Corridor,First Floor,CORRIDOR,"Autodesk Revit 2014, Build: 20131024_2115(x64)",Autodesk.Revit.DB.Architecture.Room,3dde7303-5414-4af6-b96b-591f33d44ad6-0006203b,n/a,2.4,20.3751,20.3751,,,,,,
1A01,danielle.r.love@usace.army.mil,2013-12-30T08:58:02,13-11 11 31: Reception Space,First Floor,PATIENT ADMIN. RECEPT.,"Autodesk Revit 2014, Build: 20131024_2115(x64)",Autodesk.Revit.DB.Architecture.Room,3dde7303-5414-4af6-b96b-591f33d44ad6-0006222b,n/a,2.7,19.7671,19.7671,,,,,,
1A02,danielle.r.love@usace.army.mil,2013-12-30T08:58:02,13-15 11 34 11: Office,First Floor,RMO ANALYST,"Autodesk Revit 2014, Build: 20131024_2115(x64)",Autodesk.Revit.DB.Architecture.Room,3dde7303-5414-4af6-b96b-591f33d44ad6-00062232,n/a,2.4,27.6932,27.6932,,,,,,
1A03,danielle.r.love@usace.army.mil,2013-12-30T08:58:02,13-15 11 34 11: Office,First Floor,"TRICARE OFFICE
TRICARE OFFICE
TRICARE OFFICE
TRICARE OFFICE
TRICARE OFFICE","Autodesk Revit 2014, Build: 20131024_2115(x64)",Autodesk.Revit.DB.Architecture.Room,3dde7303-5414-4af6-b96b-591f33d44ad6-00062235,n/a,2.4,8.8737,8.8737,,,,,,
1A04,danielle.r.love@usace.army.mil,2013-12-30T08:58:02,13-15 11 34 11: Office,First Floor,"TRICARE OFFICE
TRICARE OFFICE
TRICARE OFFICE
TRICARE OFFICE
TRICARE OFFICE","Autodesk Revit 2014, Build: 20131024_2115(x64)",Autodesk.Revit.DB.Architecture.Room,3dde7303-5414-4af6-b96b-591f33d44ad6-00062238,n/a,2.4,9.5445,9.5445,,,,,,
1A05,danielle.r.love@usace.army.mil,2013-12-30T08:58:02,13-15 11 34 11: Office,First Floor,"TRICARE OFFICE
TRICARE OFFICE
TRICARE OFFICE
TRICARE OFFICE
TRICARE OFFICE","Autodesk Revit 2014, Build: 20131024_2115(x64)",Autodesk.Revit.DB.Architecture.Room,3dde7303-5414-4af6-b96b-591f33d44ad6-0006223b,n/a,2.4,8.9991,8.9991,,,,,,
1A06,danielle.r.love@usace.army.mil,2013-12-30T08:58:02,13-15 11 34 11: Office,First Floor,"TRICARE OFFICE
TRICARE OFFICE
TRICARE OFFICE
TRICARE OFFICE
TRICARE OFFICE","Autodesk Revit 2014, Build: 20131024_2115(x64)",Autodesk.Revit.DB.Architecture.Room,3dde7303-5414-4af6-b96b-591f33d44ad6-0006223e,n/a,2.4,10.4921,10.4921,,,,,,
1A07,danielle.r.love@usace.army.mil,2013-12-30T08:58:02,13-15 11 34 11: Office,First Floor,TRICARE OFFICE,"Autodesk Revit 2014, Build: 20131024_2115(x64)",Autodesk.Revit.DB.Architecture.Room,3dde7303-5414-4af6-b96b-591f33d44ad6-00062241,n/a,2.4,8.7301,8.7301,,,,,,
1A08,danielle.r.love@usace.army.mil,2013-12-30T08:58:02,13-15 11 34 11: Office,First Floor,PHARM. OFFICE,"Autodesk Revit 2014, Build: 20131024_2115(x64)",Autodesk.Revit.DB.Architecture.Room,3dde7303-5414-4af6-b96b-591f33d44ad6-00062244,n/a,2.4,10.4499,10.4499,,,,,,
1A09,danielle.r.love@usace.army.mil,2013-12-30T08:58:02,13-41 11 14 21: Restroom,First Floor,W. TOILET,"Autodesk Revit 2014, Build: 20131024_2115(x64)",Autodesk.Revit.DB.Architecture.Room,3dde7303-5414-4af6-b96b-591f33d44ad6-00062247,n/a,2.4,10.8536,10.8536,,,,,,
1A10,danielle.r.love@usace.army.mil,2013-12-30T08:58:02,13-51 11 21: Break Room,First Floor,LOUNGE,"Autodesk Revit 2014, Build: 20131024_2115(x64)",Autodesk.Revit.DB.Architecture.Room,3dde7303-5414-4af6-b96b-591f33d44ad6-0006224a,n/a,2.4,10.2725,10.2725,,,,,,
1A11,danielle.r.love@usace.army.mil,2013-12-30T08:58:02,13-75 11 11: Storage Room,First Floor,JAN.,"Autodesk Revit 2014, Build: 20131024_2115(x64)",Autodesk.Revit.DB.Architecture.Room,3dde7303-5414-4af6-b96b-591f33d44ad6-0006224d,n/a,2.4,2.0366,2.0366,,,,,,
1A12,danielle.r.love@usace.army.mil,2013-12-30T08:58:02,13-41 11 14 21: Restroom,First Floor,M. TOILET,"Autodesk Revit 2014, Build: 20131024_2115(x64)",Autodesk.Revit.DB.Architecture.Room,3dde7303-5414-4af6-b96b-591f33d44ad6-00062250,n/a,2.4,9.9105,9.9105,,,,,,
1A13,danielle.r.love@usace.army.mil,2013-12-30T08:58:02,13-41 11 14 21: Restroom,First Floor,STAFF TOILET,"Autodesk Revit 2014, Build: 20131024_2115(x64)",Autodesk.Revit.DB.Architecture.Room,3dde7303-5414-4af6-b96b-591f33d44ad6-00062253,n/a,2.4,4.4685,4.4685,,,,,,
1A14,danielle.r.love@usace.army.mil,2013-12-30T08:58:02,13-15 11 34 11: Office,First Floor,SUPER / NCOIC,"Autodesk Revit 2014, Build: 20131024_2115(x64)",Autodesk.Revit.DB.Architecture.Room,3dde7303-5414-4af6-b96b-591f33d44ad6-00062256,n/a,2.4,7.2299,7.2299,,,,,,
1A15,danielle.r.love@usace.army.mil,2013-12-30T08:58:02,13-41 41 99: Other Healing Spaces,First Floor,COUNSELING,"Autodesk Revit 2014, Build: 20131024_2115(x64)",Autodesk.Revit.DB.Architecture.Room,3dde7303-5414-4af6-b96b-591f33d44ad6-00062259,n/a,2.4,6.3984,6.3984,,,,,,
1DC1,danielle.r.love@usace.army.mil,2013-12-30T08:58:02,13-51 31 11: Waiting Room,First Floor,WAITING / ACTIVITY AREA,"Autodesk Revit 2014, Build: 20131024_2115(x64)",Autodesk.Revit.DB.Architecture.Room,3dde7303-5414-4af6-b96b-591f33d44ad6-0006225f,n/a,4.57,182.2802,182.2802,,,,,,
1DC2,danielle.r.love@usace.army.mil,2013-12-30T08:58:02,13-85 11 11: Corridor,First Floor,CORRIDOR,"Autodesk Revit 2014, Build: 20131024_2115(x64)",Autodesk.Revit.DB.Architecture.Room,3dde7303-5414-4af6-b96b-591f33d44ad6-000623f2,n/a,2.4,6.3474,6.3474,,,,,,
1DC3,danielle.r.love@usace.army.mil,2013-12-30T08:58:02,13-85 11 11: Corridor,First Floor,CORRIDOR,"Autodesk Revit 2014, Build: 20131024_2115(x64)",Autodesk.Revit.DB.Architecture.Room,3dde7303-5414-4af6-b96b-591f33d44ad6-000623f5,n/a,2.4,31.8109,31.8109,,,,,,
1DC4,danielle.r.love@usace.army.mil,2013-12-30T08:58:02,13-85 11 11: Corridor,First Floor,CORRIDOR,"Autodesk Revit 2014, Build: 20131024_2115(x64)",Autodesk.Revit.DB.Architecture.Room,3dde7303-5414-4af6-b96b-591f33d44ad6-000623f8,n/a,2.4,15.0608,15.0608,,,,,,
1CC1,danielle.r.love@usace.army.mil,2013-12-30T08:58:02,13-85 11 11: Corridor,First Floor,CORRIDOR,"Autodesk Revit 2014, Build: 20131024_2115(x64)",Autodesk.Revit.DB.Architecture.Room,3dde7303-5414-4af6-b96b-591f33d44ad6-000627ee,n/a,2.4,42.6545,42.6545,,,,,,
1CC2,danielle.r.love@usace.army.mil,2013-12-30T08:58:02,13-85 11 11: Corridor,First Floor,CORRIDOR,"Autodesk Revit 2014, Build: 20131024_2115(x64)",Autodesk.Revit.DB.Architecture.Room,3dde7303-5414-4af6-b96b-591f33d44ad6-000627f5,n/a,2.4,8.2321,8.2321,,,,,,
1CC3,danielle.r.love@usace.army.mil,2013-12-30T08:58:02,13-85 11 11: Corridor,First Floor,CORRIDOR,"Autodesk Revit 2014, Build: 20131024_2115(x64)",Autodesk.Revit.DB.Architecture.Room,3dde7303-5414-4af6-b96b-591f33d44ad6-000627f8,n/a,2.4,11.4965,11.4965,,,,,,
1C01,danielle.r.love@usace.army.mil,2013-12-30T08:58:02,13-51 31 11: Waiting Room,First Floor,WAITING,"Autodesk Revit 2014, Build: 20131024_2115(x64)",Autodesk.Revit.DB.Architecture.Room,3dde7303-5414-4af6-b96b-591f33d44ad6-000627fb,n/a,2.7,11.8597,11.8597,,,,,,
1C02,danielle.r.love@usace.army.mil,2013-12-30T08:58:02,13-11 11 31: Reception Space,First Floor,RECEPTION,"Autodesk Revit 2014, Build: 20131024_2115(x64)",Autodesk.Revit.DB.Architecture.Room,3dde7303-5414-4af6-b96b-591f33d44ad6-00062802,n/a,2.6,9.3193,9.3193,,,,,,
1C03,danielle.r.love@usace.army.mil,2013-12-30T08:58:02,13-75 11 11: Storage Room,First Floor,JAN. CL.,"Autodesk Revit 2014, Build: 20131024_2115(x64)",Autodesk.Revit.DB.Architecture.Room,3dde7303-5414-4af6-b96b-591f33d44ad6-00062805,n/a,2.4,4.1106,4.1106,,,,,,
1C04,danielle.r.love@usace.army.mil,2013-12-30T08:58:02,13-41 41 99: Other Healing Spaces,First Floor,FITTING / DISP.,"Autodesk Revit 2014, Build: 20131024_2115(x64)",Autodesk.Revit.DB.Architecture.Room,3dde7303-5414-4af6-b96b-591f33d44ad6-0006280d,n/a,2.4,10.1189,10.1189,,,,,,
1C05,danielle.r.love@usace.army.mil,2013-12-30T08:58:02,13-41 41 14: Physical Examination Room,First Floor,VISUAL FIELD,"Autodesk Revit 2014, Build: 20131024_2115(x64)",Autodesk.Revit.DB.Architecture.Room,3dde7303-5414-4af6-b96b-591f33d44ad6-00062810,n/a,2.4,11.3446,11.3446,,,,,,
1C06,danielle.r.love@usace.army.mil,2013-12-30T08:58:02,13-75 41 14: Soiled Storage Room Space,First Floor,SOIL. UTL. / TRASH,"Autodesk Revit 2014, Build: 20131024_2115(x64)",Autodesk.Revit.DB.Architecture.Room,3dde7303-5414-4af6-b96b-591f33d44ad6-00062813,n/a,2.4,5.4004,5.4004,,,,,,
1C07,danielle.r.love@usace.army.mil,2013-12-30T08:58:02,13-15 11 34 11: Office,First Floor,OPT. EXAM / OFF.,"Autodesk Revit 2014, Build: 20131024_2115(x64)",Autodesk.Revit.DB.Architecture.Room,3dde7303-5414-4af6-b96b-591f33d44ad6-00062816,n/a,2.4,17.5712,17.5712,,,,,,
1C08,danielle.r.love@usace.army.mil,2013-12-30T08:58:02,13-41 41 14: Physical Examination Room,First Floor,SCREEN EYE TEST,"Autodesk Revit 2014, Build: 20131024_2115(x64)",Autodesk.Revit.DB.Architecture.Room,3dde7303-5414-4af6-b96b-591f33d44ad6-00062819,n/a,2.4,9.8178,9.8178,,,,,,
1C09,danielle.r.love@usace.army.mil,2013-12-30T08:58:02,13-41 41 31: Scanning/Imaging Room,First Floor,FUNDUS CAMERA ROOM,"Autodesk Revit 2014, Build: 20131024_2115(x64)",Autodesk.Revit.DB.Architecture.Room,3dde7303-5414-4af6-b96b-591f33d44ad6-0006281c,n/a,2.4,14.9278,14.9278,,,,,,
1C10,danielle.r.love@usace.army.mil,2013-12-30T08:58:02,13-15 11 34 11: Office,First Floor,OPT. EXAM / OFF.,"Autodesk Revit 2014, Build: 20131024_2115(x64)",Autodesk.Revit.DB.Architecture.Room,3dde7303-5414-4af6-b96b-591f33d44ad6-0006281f,n/a,2.4,18.2545,18.2545,,,,,,
1D01,danielle.r.love@usace.army.mil,2013-12-30T08:58:02,13-75 41 14: Soiled Storage Room Space,First Floor,SL. LIN. / TRASH,"Autodesk Revit 2014, Build: 20131024_2115(x64)",Autodesk.Revit.DB.Architecture.Room,3dde7303-5414-4af6-b96b-591f33d44ad6-0006282c,n/a,2.4,2.0017,2.0017,,,,,,
1D02,danielle.r.love@usace.army.mil,2013-12-30T08:58:02,13-41 41 99: Other Healing Spaces,First Floor,INTERACTION STATION,"Autodesk Revit 2014, Build: 20131024_2115(x64)",Autodesk.Revit.DB.Architecture.Room,3dde7303-5414-4af6-b96b-591f33d44ad6-00062833,n/a,2.4,11.5298,11.5298,,,,,,
1D03,danielle.r.love@usace.army.mil,2013-12-30T08:58:02,13-15 21 11 21: Clean Room,First Floor,CLEAN U.,"Autodesk Revit 2014, Build: 20131024_2115(x64)",Autodesk.Revit.DB.Architecture.Room,3dde7303-5414-4af6-b96b-591f33d44ad6-00062836,n/a,2.4,2.3501,2.3501,,,,,,
1D04,danielle.r.love@usace.army.mil,2013-12-30T08:58:02,13-41 11 14 21: Restroom,First Floor,TOILET,"Autodesk Revit 2014, Build: 20131024_2115(x64)",Autodesk.Revit.DB.Architecture.Room,3dde7303-5414-4af6-b96b-591f33d44ad6-00062839,n/a,2.4,5.1046,5.1046,,,,,,
1D05,danielle.r.love@usace.army.mil,2013-12-30T08:58:02,13-41 41 11: Treatment Room,First Floor,TRMT RM. DIRTY PROC.,"Autodesk Revit 2014, Build: 20131024_2115(x64)",Autodesk.Revit.DB.Architecture.Room,3dde7303-5414-4af6-b96b-591f33d44ad6-0006283c,n/a,2.7,14.1331,14.1331,,,,,,
1D06,danielle.r.love@usace.army.mil,2013-12-30T08:58:02,13-41 11 99: Other Grooming Spaces,First Floor,SCOPE WASH / DECON.,"Autodesk Revit 2014, Build: 20131024_2115(x64)",Autodesk.Revit.DB.Architecture.Room,3dde7303-5414-4af6-b96b-591f33d44ad6-0006283f,n/a,2.7,8.9975,8.9975,,,,,,
1D07,danielle.r.love@usace.army.mil,2013-12-30T08:58:02,13-41 41 99: Other Healing Spaces,First Floor,INTERACTION STATION,"Autodesk Revit 2014, Build: 20131024_2115(x64)",Autodesk.Revit.DB.Architecture.Room,3dde7303-5414-4af6-b96b-591f33d44ad6-00062842,n/a,2.4,12.5663,12.5663,,,,,,
1D08,danielle.r.love@usace.army.mil,2013-12-30T08:58:02,13-41 41 99: Other Healing Spaces,First Floor,INTERACTION STATION,"Autodesk Revit 2014, Build: 20131024_2115(x64)",Autodesk.Revit.DB.Architecture.Room,3dde7303-5414-4af6-b96b-591f33d44ad6-00062845,n/a,2.4,12.8273,12.8273,,,,,,
1D09,danielle.r.love@usace.army.mil,2013-12-30T08:58:02,13-41 41 99: Other Healing Spaces,First Floor,INTERACTION STATION,"Autodesk Revit 2014, Build: 20131024_2115(x64)",Autodesk.Revit.DB.Architecture.Room,3dde7303-5414-4af6-b96b-591f33d44ad6-00062848,n/a,2.4,12.7792,12.7792,,,,,,
1D10,danielle.r.love@usace.army.mil,2013-12-30T08:58:02,13-41 41 99: Other Healing Spaces,First Floor,INTERACTION STATION,"Autodesk Revit 2014, Build: 20131024_2115(x64)",Autodesk.Revit.DB.Architecture.Room,3dde7303-5414-4af6-b96b-591f33d44ad6-0006284b,n/a,2.4,12.7437,12.7437,,,,,,
1D11,danielle.r.love@usace.army.mil,2013-12-30T08:58:02,13-41 41 99: Other Healing Spaces,First Floor,INTERACTION STATION,"Autodesk Revit 2014, Build: 20131024_2115(x64)",Autodesk.Revit.DB.Architecture.Room,3dde7303-5414-4af6-b96b-591f33d44ad6-0006284e,n/a,2.4,12.698,12.698,,,,,,
1D12,danielle.r.love@usace.army.mil,2013-12-30T08:58:02,13-15 11 24 11: Laboratory,First Floor,SPECIMEN COLL. LAB,"Autodesk Revit 2014, Build: 20131024_2115(x64)",Autodesk.Revit.DB.Architecture.Room,3dde7303-5414-4af6-b96b-591f33d44ad6-00062851,n/a,2.4,10.2108,10.2108,,,,,,
1D13,danielle.r.love@usace.army.mil,2013-12-30T08:58:02,13-41 41 99: Other Healing Spaces,First Floor,INTERACTION STATION,"Autodesk Revit 2014, Build: 20131024_2115(x64)",Autodesk.Revit.DB.Architecture.Room,3dde7303-5414-4af6-b96b-591f33d44ad6-00062854,n/a,2.4,12.8258,12.8258,,,,,,
1D14,danielle.r.love@usace.army.mil,2013-12-30T08:58:02,13-41 11 14 21: Restroom,First Floor,SPECIMEN TOILET,"Autodesk Revit 2014, Build: 20131024_2115(x64)",Autodesk.Revit.DB.Architecture.Room,3dde7303-5414-4af6-b96b-591f33d44ad6-00062857,n/a,2.4,4.7535,4.7535,,,,,,
1D15,danielle.r.love@usace.army.mil,2013-12-30T08:58:02,13-41 41 14: Physical Examination Room,First Floor,WTS & MEAS. ROOM,"Autodesk Revit 2014, Build: 20131024_2115(x64)",Autodesk.Revit.DB.Architecture.Room,3dde7303-5414-4af6-b96b-591f33d44ad6-0006285a,n/a,2.4,5.0677,5.0677,,,,,,
1D16,danielle.r.love@usace.army.mil,2013-12-30T08:58:02,13-15 11 34 11: Office,First Floor,PROVIDER CUBICLES,"Autodesk Revit 2014, Build: 20131024_2115(x64)",Autodesk.Revit.DB.Architecture.Room,3dde7303-5414-4af6-b96b-591f33d44ad6-0006286e,n/a,2.7,67.8336,67.8336,,,,,,
1D17,danielle.r.love@usace.army.mil,2013-12-30T08:58:02,13-75 11 11: Storage Room,First Floor,JAN. CL.,"Autodesk Revit 2014, Build: 20131024_2115(x64)",Autodesk.Revit.DB.Architecture.Room,3dde7303-5414-4af6-b96b-591f33d44ad6-00062871,n/a,2.4,2.0567,2.0567,,,,,,
1D18,danielle.r.love@usace.army.mil,2013-12-30T08:58:02,13-41 11 14 21: Restroom,First Floor,TOILET,"Autodesk Revit 2014, Build: 20131024_2115(x64)",Autodesk.Revit.DB.Architecture.Room,3dde7303-5414-4af6-b96b-591f33d44ad6-00062874,n/a,2.4,8.2603,8.2603,,,,,,
1D19,danielle.r.love@usace.army.mil,2013-12-30T08:58:02,13-15 11 34 11: Office,First Floor,MDIS VIEW,"Autodesk Revit 2014, Build: 20131024_2115(x64)",Autodesk.Revit.DB.Architecture.Room,3dde7303-5414-4af6-b96b-591f33d44ad6-00062877,n/a,2.4,5.6366,5.6366,,,,,,
1D20,danielle.r.love@usace.army.mil,2013-12-30T08:58:02,13-15 11 34 11: Office,First Floor,APPMTS,"Autodesk Revit 2014, Build: 20131024_2115(x64)",Autodesk.Revit.DB.Architecture.Room,3dde7303-5414-4af6-b96b-591f33d44ad6-0006287a,n/a,2.4,11.7909,11.7909,,,,,,
1D21,danielle.r.love@usace.army.mil,2013-12-30T08:58:02,13-41 41 99: Other Healing Spaces,First Floor,GROUP IS,"Autodesk Revit 2014, Build: 20131024_2115(x64)",Autodesk.Revit.DB.Architecture.Room,3dde7303-5414-4af6-b96b-591f33d44ad6-0006287d,n/a,2.4,19.1917,19.1917,,,,,,
1D22,danielle.r.love@usace.army.mil,2013-12-30T08:58:02,13-15 11 34 11: Office,First Floor,TEAM INTERACTION,"Autodesk Revit 2014, Build: 20131024_2115(x64)",Autodesk.Revit.DB.Architecture.Room,3dde7303-5414-4af6-b96b-591f33d44ad6-00062880,n/a,2.4,24.237,24.237,,,,,,
1D23,danielle.r.love@usace.army.mil,2013-12-30T08:58:02,13-41 41 99: Other Healing Spaces,First Floor,GROUP IS,"Autodesk Revit 2014, Build: 20131024_2115(x64)",Autodesk.Revit.DB.Architecture.Room,3dde7303-5414-4af6-b96b-591f33d44ad6-00062883,n/a,2.4,19.1868,19.1868,,,,,,
1D24,danielle.r.love@usace.army.mil,2013-12-30T08:58:02,13-75 11 11: Storage Room,First Floor,RECORDS,"Autodesk Revit 2014, Build: 20131024_2115(x64)",Autodesk.Revit.DB.Architecture.Room,3dde7303-5414-4af6-b96b-591f33d44ad6-00062886,n/a,2.4,11.7777,11.7777,,,,,,
1D25,danielle.r.love@usace.army.mil,2013-12-30T08:58:02,13-15 11 34 11: Office,First Floor,PROVIDER CUBICLES,"Autodesk Revit 2014, Build: 20131024_2115(x64)",Autodesk.Revit.DB.Architecture.Room,3dde7303-5414-4af6-b96b-591f33d44ad6-00062889,n/a,2.7,67.8191,67.8191,,,,,,
1D26,danielle.r.love@usace.army.mil,2013-12-30T08:58:02,13-41 11 14 21: Restroom,First Floor,TOILET,"Autodesk Revit 2014, Build: 20131024_2115(x64)",Autodesk.Revit.DB.Architecture.Room,3dde7303-5414-4af6-b96b-591f33d44ad6-0006288c,n/a,2.4,5.0435,5.0435,,,,,,
1D27,danielle.r.love@usace.army.mil,2013-12-30T08:58:02,13-15 11 34 11: Office,First Floor,ADMIN WORK STATN.,"Autodesk Revit 2014, Build: 20131024_2115(x64)",Autodesk.Revit.DB.Architecture.Room,3dde7303-5414-4af6-b96b-591f33d44ad6-0006288f,n/a,2.4,10.7499,10.7499,,,,,,
1D28,danielle.r.love@usace.army.mil,2013-12-30T08:58:02,13-41 41 99: Other Healing Spaces,First Floor,INTERACTION STATION,"Autodesk Revit 2014, Build: 20131024_2115(x64)",Autodesk.Revit.DB.Architecture.Room,3dde7303-5414-4af6-b96b-591f33d44ad6-00062892,n/a,2.4,12.6883,12.6883,,,,,,
1D30,danielle.r.love@usace.army.mil,2013-12-30T08:58:02,13-41 41 14: Physical Examination Room,First Floor,WTS & MEAS. ROOM,"Autodesk Revit 2014, Build: 20131024_2115(x64)",Autodesk.Revit.DB.Architecture.Room,3dde7303-5414-4af6-b96b-591f33d44ad6-00062895,n/a,2.4,9.2653,9.2653,,,,,,
1D31,danielle.r.love@usace.army.mil,2013-12-30T08:58:02,13-41 41 14: Physical Examination Room,First Floor,PEDIATRIC WTS & MSRS,"Autodesk Revit 2014, Build: 20131024_2115(x64)",Autodesk.Revit.DB.Architecture.Room,3dde7303-5414-4af6-b96b-591f33d44ad6-0006289d,n/a,2.4,11.0208,11.0208,,,,,,
1D32,danielle.r.love@usace.army.mil,2013-12-30T08:58:02,13-41 41 99: Other Healing Spaces,First Floor,INTERACTION STATION,"Autodesk Revit 2014, Build: 20131024_2115(x64)",Autodesk.Revit.DB.Architecture.Room,3dde7303-5414-4af6-b96b-591f33d44ad6-000628a0,n/a,2.4,12.7483,12.7483,,,,,,
1D33,danielle.r.love@usace.army.mil,2013-12-30T08:58:02,13-51 31 11: Waiting Room,First Floor,PEDIATRIC WAITING,"Autodesk Revit 2014, Build: 20131024_2115(x64)",Autodesk.Revit.DB.Architecture.Room,3dde7303-5414-4af6-b96b-591f33d44ad6-000628a3,n/a,2.4,12.7423,12.7423,,,,,,
1D34,danielle.r.love@usace.army.mil,2013-12-30T08:58:02,13-41 41 99: Other Healing Spaces,First Floor,INTERACTION STATION,"Autodesk Revit 2014, Build: 20131024_2115(x64)",Autodesk.Revit.DB.Architecture.Room,3dde7303-5414-4af6-b96b-591f33d44ad6-000628a6,n/a,2.4,12.8258,12.8258,,,,,,
1D35,danielle.r.love@usace.army.mil,2013-12-30T08:58:02,13-41 41 99: Other Healing Spaces,First Floor,INTERACTION STATION,"Autodesk Revit 2014, Build: 20131024_2115(x64)",Autodesk.Revit.DB.Architecture.Room,3dde7303-5414-4af6-b96b-591f33d44ad6-000628a9,n/a,2.4,12.8258,12.8258,,,,,,
1D36,danielle.r.love@usace.army.mil,2013-12-30T08:58:02,13-41 41 99: Other Healing Spaces,First Floor,INTERACTION STATION,"Autodesk Revit 2014, Build: 20131024_2115(x64)",Autodesk.Revit.DB.Architecture.Room,3dde7303-5414-4af6-b96b-591f33d44ad6-000628ac,n/a,2.4,12.7053,12.7053,,,,,,
1D37,danielle.r.love@usace.army.mil,2013-12-30T08:58:02,13-15 21 11 21: Clean Room,First Floor,CLEAN U.,"Autodesk Revit 2014, Build: 20131024_2115(x64)",Autodesk.Revit.DB.Architecture.Room,3dde7303-5414-4af6-b96b-591f33d44ad6-000628af,n/a,2.4,2.3501,2.3501,,,,,,
1D38,danielle.r.love@usace.army.mil,2013-12-30T08:58:02,13-41 41 11: Treatment Room,First Floor,TRMT ROOM,"Autodesk Revit 2014, Build: 20131024_2115(x64)",Autodesk.Revit.DB.Architecture.Room,3dde7303-5414-4af6-b96b-591f33d44ad6-000628f2,n/a,2.4,23.2605,23.2605,,,,,,
1D39,danielle.r.love@usace.army.mil,2013-12-30T08:58:02,13-75 11 11: Storage Room,First Floor,SL. LIN. / TRASH,"Autodesk Revit 2014, Build: 20131024_2115(x64)",Autodesk.Revit.DB.Architecture.Room,3dde7303-5414-4af6-b96b-591f33d44ad6-000628f5,n/a,2.4,2.0007,2.0007,,,,,,
1D40,danielle.r.love@usace.army.mil,2013-12-30T08:58:02,13-41 41 99: Other Healing Spaces,First Floor,IMMUNIZATION ROOM,"Autodesk Revit 2014, Build: 20131024_2115(x64)",Autodesk.Revit.DB.Architecture.Room,3dde7303-5414-4af6-b96b-591f33d44ad6-000628f8,n/a,2.7,16.5524,16.5524,,,,,,
1DC5,danielle.r.love@usace.army.mil,2013-12-30T08:58:02,13-85 11 11: Corridor,First Floor,CORRIDOR,"Autodesk Revit 2014, Build: 20131024_2115(x64)",Autodesk.Revit.DB.Architecture.Room,3dde7303-5414-4af6-b96b-591f33d44ad6-000628fe,n/a,2.4,6.6122,6.6122,,,,,,
1DC6,danielle.r.love@usace.army.mil,2013-12-30T08:58:02,13-85 11 11: Corridor,First Floor,CORRIDOR,"Autodesk Revit 2014, Build: 20131024_2115(x64)",Autodesk.Revit.DB.Architecture.Room,3dde7303-5414-4af6-b96b-591f33d44ad6-00062ab0,n/a,2.4,15.0065,15.0065,,,,,,
1DC7,danielle.r.love@usace.army.mil,2013-12-30T08:58:02,13-85 11 11: Corridor,First Floor,CORRIDOR,"Autodesk Revit 2014, Build: 20131024_2115(x64)",Autodesk.Revit.DB.Architecture.Room,3dde7303-5414-4af6-b96b-591f33d44ad6-00062ab3,n/a,2.4,31.9069,31.9069,,,,,,
1DC8,danielle.r.love@usace.army.mil,2013-12-30T08:58:02,13-85 11 11: Corridor,First Floor,CORRIDOR,"Autodesk Revit 2014, Build: 20131024_2115(x64)",Autodesk.Revit.DB.Architecture.Room,3dde7303-5414-4af6-b96b-591f33d44ad6-00062ab6,n/a,2.4,6.2924,6.2924,,,,,,
1C12,danielle.r.love@usace.army.mil,2013-12-30T08:58:02,13-41 11 14 21: Restroom,First Floor,TOILET,"Autodesk Revit 2014, Build: 20131024_2115(x64)",Autodesk.Revit.DB.Architecture.Room,3dde7303-5414-4af6-b96b-591f33d44ad6-00062abc,n/a,2.4,6.147,6.147,,,,,,
1C13,danielle.r.love@usace.army.mil,2013-12-30T08:58:02,13-15 11 34 11: Office,First Floor,COMM. ROOM,"Autodesk Revit 2014, Build: 20131024_2115(x64)",Autodesk.Revit.DB.Architecture.Room,3dde7303-5414-4af6-b96b-591f33d44ad6-00062ac3,n/a,2.4,11.8973,11.8973,,,,,,
1C14,danielle.r.love@usace.army.mil,2013-12-30T08:58:02,13-41 41 99: Other Healing Spaces,First Floor,HIST. / INTV.,"Autodesk Revit 2014, Build: 20131024_2115(x64)",Autodesk.Revit.DB.Architecture.Room,3dde7303-5414-4af6-b96b-591f33d44ad6-00062ac6,n/a,2.4,8.1842,8.1842,,,,,,
1C15,danielle.r.love@usace.army.mil,2013-12-30T08:58:02,13-15 11 34 11: Office,First Floor,PES ADMIN. OFFICE,"Autodesk Revit 2014, Build: 20131024_2115(x64)",Autodesk.Revit.DB.Architecture.Room,3dde7303-5414-4af6-b96b-591f33d44ad6-00062ac9,n/a,2.4,15.3931,15.3931,,,,,,
1C16,danielle.r.love@usace.army.mil,2013-12-30T08:58:02,13-41 41 31: Scanning/Imaging Room,First Floor,ECG TEST,"Autodesk Revit 2014, Build: 20131024_2115(x64)",Autodesk.Revit.DB.Architecture.Room,3dde7303-5414-4af6-b96b-591f33d44ad6-00062acc,n/a,2.4,10.0079,10.0079,,,,,,
1C17,danielle.r.love@usace.army.mil,2013-12-30T08:58:02,13-15 11 34 11: Office,First Floor,CHIEF AERO MED.,"Autodesk Revit 2014, Build: 20131024_2115(x64)",Autodesk.Revit.DB.Architecture.Room,3dde7303-5414-4af6-b96b-591f33d44ad6-00062acf,n/a,2.4,9.9422,9.9422,,,,,,
1C18,danielle.r.love@usace.army.mil,2013-12-30T08:58:02,13-41 41 14: Physical Examination Room,First Floor,PHYSICAL EXAM,"Autodesk Revit 2014, Build: 20131024_2115(x64)",Autodesk.Revit.DB.Architecture.Room,3dde7303-5414-4af6-b96b-591f33d44ad6-00062ad2,n/a,2.4,58.0301,58.0301,,,,,,
1C19,danielle.r.love@usace.army.mil,2013-12-30T08:58:02,13-81 21 11: Equipment Room,First Floor,AUDIO,"Autodesk Revit 2014, Build: 20131024_2115(x64)",Autodesk.Revit.DB.Architecture.Room,3dde7303-5414-4af6-b96b-591f33d44ad6-00062ad5,n/a,3,11.6268,11.6268,,,,,,
1C11,danielle.r.love@usace.army.mil,2013-12-30T08:58:02,13-81 21 21: Electrical Room,First Floor,ELEC. CL.,"Autodesk Revit 2014, Build: 20131024_2115(x64)",Autodesk.Revit.DB.Architecture.Room,3dde7303-5414-4af6-b96b-591f33d44ad6-00062adb,n/a,4.57,0.7778,0.7778,,,,,,
1CS3,danielle.r.love@usace.army.mil,2013-12-30T08:58:02,13-85 21 11: Stairway,First Floor,STAIR,"Autodesk Revit 2014, Build: 20131024_2115(x64)",Autodesk.Revit.DB.Architecture.Room,3dde7303-5414-4af6-b96b-591f33d44ad6-00062ae2,n/a,9.25,13.9094,13.9094,,,,,,
1E01,danielle.r.love@usace.army.mil,2013-12-30T08:58:02,13-75 11 11: Storage Room,First Floor,HK EQUIP. STORAGE,"Autodesk Revit 2014, Build: 20131024_2115(x64)",Autodesk.Revit.DB.Architecture.Room,3dde7303-5414-4af6-b96b-591f33d44ad6-00062ae9,n/a,2.4,9.7252,9.7252,,,,,,
1E02,danielle.r.love@usace.army.mil,2013-12-30T08:58:02,13-81 21 11: Equipment Room,First Floor,ELEV. EQUIP.,"Autodesk Revit 2014, Build: 20131024_2115(x64)",Autodesk.Revit.DB.Architecture.Room,3dde7303-5414-4af6-b96b-591f33d44ad6-00062af1,n/a,4.57,5.6755,5.6755,,,,,,
1E03,danielle.r.love@usace.army.mil,2013-12-30T08:58:02,13-75 11 11: Storage Room,First Floor,JAN. CL.,"Autodesk Revit 2014, Build: 20131024_2115(x64)",Autodesk.Revit.DB.Architecture.Room,3dde7303-5414-4af6-b96b-591f33d44ad6-00062af4,n/a,2.4,3.97,3.97,,,,,,
1E04,danielle.r.love@usace.army.mil,2013-12-30T08:58:02,13-51 11 21: Break Room,First Floor,HK BREAK ROOM,"Autodesk Revit 2014, Build: 20131024_2115(x64)",Autodesk.Revit.DB.Architecture.Room,3dde7303-5414-4af6-b96b-591f33d44ad6-00062af7,n/a,2.4,9.7354,9.7354,,,,,,
1E05,danielle.r.love@usace.army.mil,2013-12-30T08:58:02,13-15 11 34 11: Office,First Floor,CHIEF LOG OFFICE,"Autodesk Revit 2014, Build: 20131024_2115(x64)",Autodesk.Revit.DB.Architecture.Room,3dde7303-5414-4af6-b96b-591f33d44ad6-00062afa,n/a,2.4,9.9388,9.9388,,,,,,
1E06,danielle.r.love@usace.army.mil,2013-12-30T08:58:02,13-15 11 34 11: Office,First Floor,TECH. WORK STATION,"Autodesk Revit 2014, Build: 20131024_2115(x64)",Autodesk.Revit.DB.Architecture.Room,3dde7303-5414-4af6-b96b-591f33d44ad6-00062afd,n/a,2.4,37.3792,37.3792,,,,,,
1E07,danielle.r.love@usace.army.mil,2013-12-30T08:58:02,13-11 21 17: Conference Room,First Floor,CONF. LIBRARY,"Autodesk Revit 2014, Build: 20131024_2115(x64)",Autodesk.Revit.DB.Architecture.Room,3dde7303-5414-4af6-b96b-591f33d44ad6-00062b00,n/a,2.4,11.6309,11.6309,,,,,,
1E08,danielle.r.love@usace.army.mil,2013-12-30T08:58:02,13-15 11 34 11: Office,First Floor,SUPER,"Autodesk Revit 2014, Build: 20131024_2115(x64)",Autodesk.Revit.DB.Architecture.Room,3dde7303-5414-4af6-b96b-591f33d44ad6-00062b03,n/a,2.4,9.8642,9.8642,,,,,,
1E09,danielle.r.love@usace.army.mil,2013-12-30T08:58:02,13-41 11 14 21: Restroom,First Floor,W. TOILET,"Autodesk Revit 2014, Build: 20131024_2115(x64)",Autodesk.Revit.DB.Architecture.Room,3dde7303-5414-4af6-b96b-591f33d44ad6-00062b06,n/a,2.4,5.0622,5.0622,,,,,,
1E10,danielle.r.love@usace.army.mil,2013-12-30T08:58:02,13-41 11 14 21: Restroom,First Floor,M. TOILET,"Autodesk Revit 2014, Build: 20131024_2115(x64)",Autodesk.Revit.DB.Architecture.Room,3dde7303-5414-4af6-b96b-591f33d44ad6-00062b09,n/a,2.4,5.0622,5.0622,,,,,,
1E11,danielle.r.love@usace.army.mil,2013-12-30T08:58:02,13-51 11 21: Break Room,First Floor,STAFF LOUNGE,"Autodesk Revit 2014, Build: 20131024_2115(x64)",Autodesk.Revit.DB.Architecture.Room,3dde7303-5414-4af6-b96b-591f33d44ad6-00062b0c,n/a,2.4,14.5917,14.5917,,,,,,
1E12,danielle.r.love@usace.army.mil,2013-12-30T08:58:02,13-41 11 14 21: Restroom,First Floor,ISOLATION TOILET,"Autodesk Revit 2014, Build: 20131024_2115(x64)",Autodesk.Revit.DB.Architecture.Room,3dde7303-5414-4af6-b96b-591f33d44ad6-00062b0f,n/a,2.7,5.2519,5.2519,,,,,,
1E14,danielle.r.love@usace.army.mil,2013-12-30T08:58:02,13-75 11 11: Storage Room,First Floor,Medical Readiness,"Autodesk Revit 2014, Build: 20131024_2115(x64)",Autodesk.Revit.DB.Architecture.Room,3dde7303-5414-4af6-b96b-591f33d44ad6-00062b12,n/a,2.4,22.3553,22.3553,,,,,,
1E15,danielle.r.love@usace.army.mil,2013-12-30T08:58:02,13-81 21 17: Mechanical Room,First Floor,Central Mechanical Room,"Autodesk Revit 2014, Build: 20131024_2115(x64)",Autodesk.Revit.DB.Architecture.Room,3dde7303-5414-4af6-b96b-591f33d44ad6-00062b19,n/a,3.35,28.9142,28.9142,,,,,,
1E16,danielle.r.love@usace.army.mil,2013-12-30T08:58:02,13-15 11 34 11: Office,First Floor,BMET WORK STATION,"Autodesk Revit 2014, Build: 20131024_2115(x64)",Autodesk.Revit.DB.Architecture.Room,3dde7303-5414-4af6-b96b-591f33d44ad6-00062b1c,n/a,2.6,49.5978,49.5978,,,,,,
1E17,danielle.r.love@usace.army.mil,2013-12-30T08:58:02,13-75 41 24: Hazardous Material Storage Space,First Floor,HAZ. STOR.,"Autodesk Revit 2014, Build: 20131024_2115(x64)",Autodesk.Revit.DB.Architecture.Room,3dde7303-5414-4af6-b96b-591f33d44ad6-00062b1f,n/a,2.7,9.7871,9.7871,,,,,,
1E18,danielle.r.love@usace.army.mil,2013-12-30T08:58:02,13-15 11 34 11: Office,First Floor,BIOMED MAINT. ADMIN.,"Autodesk Revit 2014, Build: 20131024_2115(x64)",Autodesk.Revit.DB.Architecture.Room,3dde7303-5414-4af6-b96b-591f33d44ad6-00062b22,n/a,2.4,15.5543,15.5543,,,,,,
1E19,danielle.r.love@usace.army.mil,2013-12-30T08:58:02,13-81 21 21: Electrical Room,First Floor,ELEC. ROOM,"Autodesk Revit 2014, Build: 20131024_2115(x64)",Autodesk.Revit.DB.Architecture.Room,3dde7303-5414-4af6-b96b-591f33d44ad6-00062b25,n/a,4.57,9.6262,9.6262,,,,,,
1E20,danielle.r.love@usace.army.mil,2013-12-30T08:58:02,13-75 41 14: Soiled Storage Room Space,First Floor,TRASH,"Autodesk Revit 2014, Build: 20131024_2115(x64)",Autodesk.Revit.DB.Architecture.Room,3dde7303-5414-4af6-b96b-591f33d44ad6-00062b28,n/a,2.4,8.9544,8.9544,,,,,,
1E21,danielle.r.love@usace.army.mil,2013-12-30T08:58:02,13-75 41 24: Hazardous Material Storage Space,First Floor,Flammable Storage,"Autodesk Revit 2014, Build: 20131024_2115(x64)",Autodesk.Revit.DB.Architecture.Room,3dde7303-5414-4af6-b96b-591f33d44ad6-00062b2b,n/a,2.7,5.6645,5.6645,,,,,,
1E22,danielle.r.love@usace.army.mil,2013-12-30T08:58:02,13-75 11 11: Storage Room,First Floor,SEC. STORAGE,"Autodesk Revit 2014, Build: 20131024_2115(x64)",Autodesk.Revit.DB.Architecture.Room,3dde7303-5414-4af6-b96b-591f33d44ad6-00062b2e,n/a,2.7,6.2728,6.2728,,,,,,
1E23,danielle.r.love@usace.army.mil,2013-12-30T08:58:02,13-81 21 11: Equipment Room,First Floor,BEE EQUIP. STORAGE,"Autodesk Revit 2014, Build: 20131024_2115(x64)",Autodesk.Revit.DB.Architecture.Room,3dde7303-5414-4af6-b96b-591f33d44ad6-00062b31,n/a,2.7,8.7789,8.7789,,,,,,
1E24,danielle.r.love@usace.army.mil,2013-12-30T08:58:02,13-75 11 11: Storage Room,First Floor,RECEIVING / STORAGE,"Autodesk Revit 2014, Build: 20131024_2115(x64)",Autodesk.Revit.DB.Architecture.Room,3dde7303-5414-4af6-b96b-591f33d44ad6-00062b34,n/a,3.35,118.2955,118.2955,,,,,,
1E25,danielle.r.love@usace.army.mil,2013-12-30T08:58:02,13-75 11 11: Storage Room,First Floor,ADP EQUIP SPACE,"Autodesk Revit 2014, Build: 20131024_2115(x64)",Autodesk.Revit.DB.Architecture.Room,3dde7303-5414-4af6-b96b-591f33d44ad6-00062b37,n/a,2.4,11.3734,11.3734,,,,,,
1E26,danielle.r.love@usace.army.mil,2013-12-30T08:58:02,13-15 11 34 11: Office,First Floor,WORK ROOM,"Autodesk Revit 2014, Build: 20131024_2115(x64)",Autodesk.Revit.DB.Architecture.Room,3dde7303-5414-4af6-b96b-591f33d44ad6-00062b3a,n/a,2.4,19.7143,19.7143,,,,,,
1E27,danielle.r.love@usace.army.mil,2013-12-30T08:58:02,13-75 11 11: Storage Room,First Floor,BENCHSTOCK STORAGE,"Autodesk Revit 2014, Build: 20131024_2115(x64)",Autodesk.Revit.DB.Architecture.Room,3dde7303-5414-4af6-b96b-591f33d44ad6-00062b3d,n/a,2.4,9.5126,9.5126,,,,,,
1E28,danielle.r.love@usace.army.mil,2013-12-30T08:58:02,13-15 11 34 11: Office,First Floor,FAC. MGR. OFFICE,"Autodesk Revit 2014, Build: 20131024_2115(x64)",Autodesk.Revit.DB.Architecture.Room,3dde7303-5414-4af6-b96b-591f33d44ad6-00062b40,n/a,2.4,9.7383,9.7383,,,,,,
1E29,danielle.r.love@usace.army.mil,2013-12-30T08:58:02,13-15 11 34 11: Office,First Floor,HK. SUPV. OFFICE,"Autodesk Revit 2014, Build: 20131024_2115(x64)",Autodesk.Revit.DB.Architecture.Room,3dde7303-5414-4af6-b96b-591f33d44ad6-00062b43,n/a,2.4,11.0301,11.0301,,,,,,
1E30,danielle.r.love@usace.army.mil,2013-12-30T08:58:02,13-75 41 14: Soiled Storage Room Space,First Floor,SOIL. LIN.,"Autodesk Revit 2014, Build: 20131024_2115(x64)",Autodesk.Revit.DB.Architecture.Room,3dde7303-5414-4af6-b96b-591f33d44ad6-00062b46,n/a,2.4,6.8783,6.8783,,,,,,
1E33,danielle.r.love@usace.army.mil,2013-12-30T08:58:02,13-41 41 99: Other Healing Spaces,First Floor,ISOLATION INTERACTION STATION,"Autodesk Revit 2014, Build: 20131024_2115(x64)",Autodesk.Revit.DB.Architecture.Room,3dde7303-5414-4af6-b96b-591f33d44ad6-00062b49,n/a,2.4,13.354,13.354,,,,,,
1EC1,danielle.r.love@usace.army.mil,2013-12-30T08:58:02,13-85 11 11: Corridor,First Floor,CORRIDOR,"Autodesk Revit 2014, Build: 20131024_2115(x64)",Autodesk.Revit.DB.Architecture.Room,3dde7303-5414-4af6-b96b-591f33d44ad6-00062c7d,n/a,2.4,54.6837,54.6837,,,,,,
1EC2,danielle.r.love@usace.army.mil,2013-12-30T08:58:02,13-85 11 11: Corridor,First Floor,CORRIDOR,"Autodesk Revit 2014, Build: 20131024_2115(x64)",Autodesk.Revit.DB.Architecture.Room,3dde7303-5414-4af6-b96b-591f33d44ad6-00062c84,n/a,2.4,7.9137,7.9137,,,,,,
1EC3,danielle.r.love@usace.army.mil,2013-12-30T08:58:02,13-85 11 11: Corridor,First Floor,CORRIDOR,"Autodesk Revit 2014, Build: 20131024_2115(x64)",Autodesk.Revit.DB.Architecture.Room,3dde7303-5414-4af6-b96b-591f33d44ad6-00062c87,n/a,2.4,8.7518,8.7518,,,,,,
1EC4,danielle.r.love@usace.army.mil,2013-12-30T08:58:02,13-85 11 11: Corridor,First Floor,CORRIDOR,"Autodesk Revit 2014, Build: 20131024_2115(x64)",Autodesk.Revit.DB.Architecture.Room,3dde7303-5414-4af6-b96b-591f33d44ad6-00062c8a,n/a,2.4,9.3057,9.3057,,,,,,
1BC1,danielle.r.love@usace.army.mil,2013-12-30T08:58:02,13-85 11 11: Corridor,First Floor,CORRIDOR,"Autodesk Revit 2014, Build: 20131024_2115(x64)",Autodesk.Revit.DB.Architecture.Room,3dde7303-5414-4af6-b96b-591f33d44ad6-00062cf1,n/a,2.4,5.6927,5.6927,,,,,,
1BC2,danielle.r.love@usace.army.mil,2013-12-30T08:58:02,13-85 11 11: Corridor,First Floor,CORRIDOR,"Autodesk Revit 2014, Build: 20131024_2115(x64)",Autodesk.Revit.DB.Architecture.Room,3dde7303-5414-4af6-b96b-591f33d44ad6-00062cf8,n/a,2.4,29.4368,29.4368,,,,,,
1BC3,danielle.r.love@usace.army.mil,2013-12-30T08:58:02,13-85 11 11: Corridor,First Floor,CORRIDOR,"Autodesk Revit 2014, Build: 20131024_2115(x64)",Autodesk.Revit.DB.Architecture.Room,3dde7303-5414-4af6-b96b-591f33d44ad6-00062cfb,n/a,2.4,13.4396,13.4396,,,,,,
1BC4,danielle.r.love@usace.army.mil,2013-12-30T08:58:02,13-85 11 11: Corridor,First Floor,CORRIDOR,"Autodesk Revit 2014, Build: 20131024_2115(x64)",Autodesk.Revit.DB.Architecture.Room,3dde7303-5414-4af6-b96b-591f33d44ad6-00062cfe,n/a,2.4,44.3648,44.3648,,,,,,
1B01,danielle.r.love@usace.army.mil,2013-12-30T08:58:02,13-11 11 31: Reception Space,First Floor,RECEPTION,"Autodesk Revit 2014, Build: 20131024_2115(x64)",Autodesk.Revit.DB.Architecture.Room,3dde7303-5414-4af6-b96b-591f33d44ad6-00062d04,n/a,2.6,9.4756,9.4756,,,,,,
1B02,danielle.r.love@usace.army.mil,2013-12-30T08:58:02,13-41 11 14 21: Restroom,First Floor,SPECIMEN TOILET,"Autodesk Revit 2014, Build: 20131024_2115(x64)",Autodesk.Revit.DB.Architecture.Room,3dde7303-5414-4af6-b96b-591f33d44ad6-00062d0b,n/a,2.4,5.5485,5.5485,,,,,,
1B03,danielle.r.love@usace.army.mil,2013-12-30T08:58:02,13-41 41 99: Other Healing Spaces,First Floor,BLOOD DRAW,"Autodesk Revit 2014, Build: 20131024_2115(x64)",Autodesk.Revit.DB.Architecture.Room,3dde7303-5414-4af6-b96b-591f33d44ad6-00062d0e,n/a,2.4,9.681,9.681,,,,,,
1B04,danielle.r.love@usace.army.mil,2013-12-30T08:58:02,13-15 11 24 11: Laboratory,First Floor,LAB,"Autodesk Revit 2014, Build: 20131024_2115(x64)",Autodesk.Revit.DB.Architecture.Room,3dde7303-5414-4af6-b96b-591f33d44ad6-00062d11,n/a,2.4,53.5882,53.5882,,,,,,
1B05,danielle.r.love@usace.army.mil,2013-12-30T08:58:02,13-41 11 14 21: Restroom,First Floor,PAT. / STAFF TOILET,"Autodesk Revit 2014, Build: 20131024_2115(x64)",Autodesk.Revit.DB.Architecture.Room,3dde7303-5414-4af6-b96b-591f33d44ad6-00062d14,n/a,2.4,4.7888,4.7888,,,,,,
1B06,danielle.r.love@usace.army.mil,2013-12-30T08:58:02,13-15 11 34 11: Office,First Floor,LAB OFFICE,"Autodesk Revit 2014, Build: 20131024_2115(x64)",Autodesk.Revit.DB.Architecture.Room,3dde7303-5414-4af6-b96b-591f33d44ad6-00062d17,n/a,2.4,10.4755,10.4755,,,,,,
1B07,danielle.r.love@usace.army.mil,2013-12-30T08:58:02,13-41 11 41 11: Dressing Room,First Floor,DRESS,"Autodesk Revit 2014, Build: 20131024_2115(x64)",Autodesk.Revit.DB.Architecture.Room,3dde7303-5414-4af6-b96b-591f33d44ad6-00062d1a,n/a,2.4,4.4214,4.4214,,,,,,
1B08,danielle.r.love@usace.army.mil,2013-12-30T08:58:02,13-75 11 11: Storage Room,First Floor,CENT. STO.,"Autodesk Revit 2014, Build: 20131024_2115(x64)",Autodesk.Revit.DB.Architecture.Room,3dde7303-5414-4af6-b96b-591f33d44ad6-00062d1d,n/a,2.4,9.7671,9.7671,,,,,,
1B09,danielle.r.love@usace.army.mil,2013-12-30T08:58:02,13-41 11 41 11: Dressing Room,First Floor,DRESS,"Autodesk Revit 2014, Build: 20131024_2115(x64)",Autodesk.Revit.DB.Architecture.Room,3dde7303-5414-4af6-b96b-591f33d44ad6-00062d20,n/a,2.4,4.6461,4.6461,,,,,,
1B10,danielle.r.love@usace.army.mil,2013-12-30T08:58:02,13-51 11 21: Break Room,First Floor,STAFF LOUNGE,"Autodesk Revit 2014, Build: 20131024_2115(x64)",Autodesk.Revit.DB.Architecture.Room,3dde7303-5414-4af6-b96b-591f33d44ad6-00062d23,n/a,2.4,10.2834,10.2834,,,,,,
1B11,danielle.r.love@usace.army.mil,2013-12-30T08:58:02,13-41 11 14 21: Restroom,First Floor,STAFF TOILET,"Autodesk Revit 2014, Build: 20131024_2115(x64)",Autodesk.Revit.DB.Architecture.Room,3dde7303-5414-4af6-b96b-591f33d44ad6-00062d26,n/a,2.4,4.994,4.994,,,,,,
1B12,danielle.r.love@usace.army.mil,2013-12-30T08:58:02,13-75 11 11: Storage Room,First Floor,CLEAN SUP. & EQUIP.,"Autodesk Revit 2014, Build: 20131024_2115(x64)",Autodesk.Revit.DB.Architecture.Room,3dde7303-5414-4af6-b96b-591f33d44ad6-00062d29,n/a,2.4,3.9014,3.9014,,,,,,
1B13,danielle.r.love@usace.army.mil,2013-12-30T08:58:02,13-11 11 31: Reception Space,First Floor,RECEPTION,"Autodesk Revit 2014, Build: 20131024_2115(x64)",Autodesk.Revit.DB.Architecture.Room,3dde7303-5414-4af6-b96b-591f33d44ad6-00062d2c,n/a,2.4,22.5898,22.5898,,,,,,
1B14,danielle.r.love@usace.army.mil,2013-12-30T08:58:02,13-75 41 14: Soiled Storage Room Space,First Floor,SOIL. UTL.,"Autodesk Revit 2014, Build: 20131024_2115(x64)",Autodesk.Revit.DB.Architecture.Room,3dde7303-5414-4af6-b96b-591f33d44ad6-00062d94,n/a,2.4,4.0358,4.0358,,,,,,
1B15,danielle.r.love@usace.army.mil,2013-12-30T08:58:02,13-41 41 31: Scanning/Imaging Room,First Floor,FILM VIEW,"Autodesk Revit 2014, Build: 20131024_2115(x64)",Autodesk.Revit.DB.Architecture.Room,3dde7303-5414-4af6-b96b-591f33d44ad6-00062d97,n/a,2.4,5.8371,5.8371,,,,,,
1B16,danielle.r.love@usace.army.mil,2013-12-30T08:58:02,13-75 11 11: Storage Room,First Floor,JAN. CL.,"Autodesk Revit 2014, Build: 20131024_2115(x64)",Autodesk.Revit.DB.Architecture.Room,3dde7303-5414-4af6-b96b-591f33d44ad6-00062d9a,n/a,2.4,4.0358,4.0358,,,,,,
1B17,danielle.r.love@usace.army.mil,2013-12-30T08:58:02,13-15 11 34 11: Office,First Floor,TECH. WORK ROOM,"Autodesk Revit 2014, Build: 20131024_2115(x64)",Autodesk.Revit.DB.Architecture.Room,3dde7303-5414-4af6-b96b-591f33d44ad6-00062d9d,n/a,2.4,24.0437,24.0437,,,,,,
1B19,danielle.r.love@usace.army.mil,2013-12-30T08:58:02,13-41 41 99: Other Healing Spaces,First Floor,RADIOGRAPHIC ROOM,"Autodesk Revit 2014, Build: 20131024_2115(x64)",Autodesk.Revit.DB.Architecture.Room,3dde7303-5414-4af6-b96b-591f33d44ad6-00062da0,n/a,3,29.9132,29.9132,,,,,,
1B21,danielle.r.love@usace.army.mil,2013-12-30T08:58:02,13-15 11 34 11: Office,First Floor,COMM. ROOM,"Autodesk Revit 2014, Build: 20131024_2115(x64)",Autodesk.Revit.DB.Architecture.Room,3dde7303-5414-4af6-b96b-591f33d44ad6-00062da8,n/a,4.57,9.8023,9.8023,,,,,,
1B23,danielle.r.love@usace.army.mil,2013-12-30T08:58:02,13-81 21 21: Electrical Room,First Floor,ELEC. ROOM,"Autodesk Revit 2014, Build: 20131024_2115(x64)",Autodesk.Revit.DB.Architecture.Room,3dde7303-5414-4af6-b96b-591f33d44ad6-00062daf,n/a,4.57,9.883,9.883,,,,,,
1BS2,danielle.r.love@usace.army.mil,2013-12-30T08:58:02,13-85 21 11: Stairway,First Floor,STAIR,"Autodesk Revit 2014, Build: 20131024_2115(x64)",Autodesk.Revit.DB.Architecture.Room,3dde7303-5414-4af6-b96b-591f33d44ad6-00062db6,n/a,9.25,16.0319,16.0319,,,,,,
1A16,danielle.r.love@usace.army.mil,2013-12-30T08:58:02,13-75 11 11: Storage Room,First Floor,PHARM. DISP.,"Autodesk Revit 2014, Build: 20131024_2115(x64)",Autodesk.Revit.DB.Architecture.Room,3dde7303-5414-4af6-b96b-591f33d44ad6-0006302c,n/a,2.4,67.5491,67.5491,,,,,,
1AS1,danielle.r.love@usace.army.mil,2013-12-30T08:58:02,13-85 21 11: Stairway,First Floor,STAIR,"Autodesk Revit 2014, Build: 20131024_2115(x64)",Autodesk.Revit.DB.Architecture.Room,3dde7303-5414-4af6-b96b-591f33d44ad6-000630cb,n/a,9.25,14.0577,14.0577,,,,,,
1E15A,danielle.r.love@usace.army.mil,2013-12-30T08:58:02,13-75 41 24: Hazardous Material Storage Space,First Floor,GAS STORAGE,"Autodesk Revit 2014, Build: 20131024_2115(x64)",Autodesk.Revit.DB.Architecture.Room,3dde7303-5414-4af6-b96b-591f33d44ad6-00063129,n/a,4.57,2.2894,2.2894,,,,,,
E1,danielle.r.love@usace.army.mil,2013-12-30T08:58:02,13-81 21 31: Elevator Shaft,First Floor,ELEVATOR,"Autodesk Revit 2014, Build: 20131024_2115(x64)",Autodesk.Revit.DB.Architecture.Room,3dde7303-5414-4af6-b96b-591f33d44ad6-000631c0,n/a,9.25,4.3558,4.3558,,,,,,
2AC1,danielle.r.love@usace.army.mil,2013-12-30T08:58:02,13-85 11 11: Corridor,Second Floor,CORRIDOR,"Autodesk Revit 2014, Build: 20131024_2115(x64)",Autodesk.Revit.DB.Architecture.Room,54aa3690-f82d-467f-859b-088fc36f5641-00063317,n/a,2.4,39.5583,39.5583,,,,,,
2AC2,danielle.r.love@usace.army.mil,2013-12-30T08:58:02,13-85 11 11: Corridor,Second Floor,CORRIDOR,"Autodesk Revit 2014, Build: 20131024_2115(x64)",Autodesk.Revit.DB.Architecture.Room,3857118b-739e-4e2c-8baa-32bb38b34e37-00063374,n/a,2.4,15.0174,15.0174,,,,,,
2AC3,danielle.r.love@usace.army.mil,2013-12-30T08:58:02,13-85 11 11: Corridor,Second Floor,CORRIDOR,"Autodesk Revit 2014, Build: 20131024_2115(x64)",Autodesk.Revit.DB.Architecture.Room,3857118b-739e-4e2c-8baa-32bb38b34e37-00063377,n/a,2.4,27.093,27.093,,,,,,
2AC4,danielle.r.love@usace.army.mil,2013-12-30T08:58:02,13-85 11 11: Corridor,Second Floor,CORRIDOR,"Autodesk Revit 2014, Build: 20131024_2115(x64)",Autodesk.Revit.DB.Architecture.Room,3857118b-739e-4e2c-8baa-32bb38b34e37-00063a2e,n/a,2.4,14.3235,14.3235,,,,,,
2AC5,danielle.r.love@usace.army.mil,2013-12-30T08:58:02,13-85 11 11: Corridor,Second Floor,CORRIDOR,"Autodesk Revit 2014, Build: 20131024_2115(x64)",Autodesk.Revit.DB.Architecture.Room,3857118b-739e-4e2c-8baa-32bb38b34e37-00063a31,n/a,2.4,9.1021,9.1021,,,,,,
2AS1,danielle.r.love@usace.army.mil,2013-12-30T08:58:02,13-85 21 11: Stairway,Second Floor,STAIR,"Autodesk Revit 2014, Build: 20131024_2115(x64)",Autodesk.Revit.DB.Architecture.Room,3857118b-739e-4e2c-8baa-32bb38b34e37-00063a34,n/a,2.4,14.4483,14.4483,,,,,,
2A01,danielle.r.love@usace.army.mil,2013-12-30T08:58:02,13-11 21 17: Conference Room,Second Floor,LIBRARY / CONF. ROOM,"Autodesk Revit 2014, Build: 20131024_2115(x64)",Autodesk.Revit.DB.Architecture.Room,3857118b-739e-4e2c-8baa-32bb38b34e37-00063a3d,n/a,2.7,26.331,26.331,,,,,,
2A02,danielle.r.love@usace.army.mil,2013-12-30T08:58:02,13-15 11 34 11: Office,Second Floor,SUPER OFFICE,"Autodesk Revit 2014, Build: 20131024_2115(x64)",Autodesk.Revit.DB.Architecture.Room,3857118b-739e-4e2c-8baa-32bb38b34e37-00063a44,n/a,2.4,10.8708,10.8708,,,,,,
2A03,danielle.r.love@usace.army.mil,2013-12-30T08:58:02,13-15 11 34 11: Office,Second Floor,SEC. OFFICE,"Autodesk Revit 2014, Build: 20131024_2115(x64)",Autodesk.Revit.DB.Architecture.Room,3857118b-739e-4e2c-8baa-32bb38b34e37-00063a47,n/a,2.4,16.0095,16.0095,,,,,,
2A04,danielle.r.love@usace.army.mil,2013-12-30T08:58:02,13-15 11 34 11: Office,Second Floor,DENTAL SURGEON OFFICE,"Autodesk Revit 2014, Build: 20131024_2115(x64)",Autodesk.Revit.DB.Architecture.Room,3857118b-739e-4e2c-8baa-32bb38b34e37-00063a4a,n/a,2.4,16.0139,16.0139,,,,,,
2A05,danielle.r.love@usace.army.mil,2013-12-30T08:58:02,13-41 41 99: Other Healing Spaces,Second Floor,OH DTR 1,"Autodesk Revit 2014, Build: 20131024_2115(x64)",Autodesk.Revit.DB.Architecture.Room,3857118b-739e-4e2c-8baa-32bb38b34e37-00063a4d,n/a,2.6,11.3331,11.3331,,,,,,
2A06,danielle.r.love@usace.army.mil,2013-12-30T08:58:02,13-41 41 99: Other Healing Spaces,Second Floor,OH DTR #2,"Autodesk Revit 2014, Build: 20131024_2115(x64)",Autodesk.Revit.DB.Architecture.Room,3857118b-739e-4e2c-8baa-32bb38b34e37-00063a50,n/a,2.6,12.0879,12.0879,,,,,,
2A07,danielle.r.love@usace.army.mil,2013-12-30T08:58:02,13-41 41 99: Other Healing Spaces,Second Floor,OH DTR #3,"Autodesk Revit 2014, Build: 20131024_2115(x64)",Autodesk.Revit.DB.Architecture.Room,3857118b-739e-4e2c-8baa-32bb38b34e37-00063a53,n/a,2.6,12.0034,12.0034,,,,,,
2A08,danielle.r.love@usace.army.mil,2013-12-30T08:58:02,13-41 41 99: Other Healing Spaces,Second Floor,GEN. DENT. DTR #4,"Autodesk Revit 2014, Build: 20131024_2115(x64)",Autodesk.Revit.DB.Architecture.Room,3857118b-739e-4e2c-8baa-32bb38b34e37-00063a56,n/a,2.6,11.7457,11.7457,,,,,,
2A09,danielle.r.love@usace.army.mil,2013-12-30T08:58:02,13-41 41 99: Other Healing Spaces,Second Floor,GEN. DENT. DTR #5,"Autodesk Revit 2014, Build: 20131024_2115(x64)",Autodesk.Revit.DB.Architecture.Room,3857118b-739e-4e2c-8baa-32bb38b34e37-00063a59,n/a,2.6,11.3064,11.3064,,,,,,
2A10,danielle.r.love@usace.army.mil,2013-12-30T08:58:02,13-51 31 11: Waiting Room,Second Floor,DENTAL WAITING,"Autodesk Revit 2014, Build: 20131024_2115(x64)",Autodesk.Revit.DB.Architecture.Room,3857118b-739e-4e2c-8baa-32bb38b34e37-00063a5c,n/a,2.4,7.8569,7.8569,,,,,,
2A11,danielle.r.love@usace.army.mil,2013-12-30T08:58:02,13-51 31 11: Waiting Room,Second Floor,DENTAL WAITING,"Autodesk Revit 2014, Build: 20131024_2115(x64)",Autodesk.Revit.DB.Architecture.Room,3857118b-739e-4e2c-8baa-32bb38b34e37-00063a5f,n/a,2.4,33.4834,33.4834,,,,,,
2A12,danielle.r.love@usace.army.mil,2013-12-30T08:58:02,13-41 41 31: Scanning/Imaging Room,Second Floor,X-RAY,"Autodesk Revit 2014, Build: 20131024_2115(x64)",Autodesk.Revit.DB.Architecture.Room,3857118b-739e-4e2c-8baa-32bb38b34e37-00063a62,n/a,2.6,11.2172,11.2172,,,,,,
2A13,danielle.r.love@usace.army.mil,2013-12-30T08:58:02,13-41 41 31: Scanning/Imaging Room,Second Floor,DEVELOPING,"Autodesk Revit 2014, Build: 20131024_2115(x64)",Autodesk.Revit.DB.Architecture.Room,3857118b-739e-4e2c-8baa-32bb38b34e37-00063a65,n/a,2.4,7.5623,7.5623,,,,,,
2A12A,danielle.r.love@usace.army.mil,2013-12-30T08:58:02,13-41 41 31: Scanning/Imaging Room,Second Floor,X-RAY ALCOVE,"Autodesk Revit 2014, Build: 20131024_2115(x64)",Autodesk.Revit.DB.Architecture.Room,3857118b-739e-4e2c-8baa-32bb38b34e37-00063a68,n/a,2.6,2.287,2.287,,,,,,
2A14,danielle.r.love@usace.army.mil,2013-12-30T08:58:02,13-15 11 34 11: Office,Second Floor,ADMIN,"Autodesk Revit 2014, Build: 20131024_2115(x64)",Autodesk.Revit.DB.Architecture.Room,3857118b-739e-4e2c-8baa-32bb38b34e37-00063ab1,n/a,2.4,32.8384,32.8384,,,,,,
2C01,danielle.r.love@usace.army.mil,2013-12-30T08:58:02,13-15 11 34 11: Office,Second Floor,DTR SUPPORT,"Autodesk Revit 2014, Build: 20131024_2115(x64)",Autodesk.Revit.DB.Architecture.Room,0cbd931e-307b-4c69-bc6d-067af8cb2779-00063ac1,n/a,2.6,8.725,8.725,,,,,,
2C02,danielle.r.love@usace.army.mil,2013-12-30T08:58:02,13-41 41 99: Other Healing Spaces,Second Floor,GEN. DENT. DTR #6,"Autodesk Revit 2014, Build: 20131024_2115(x64)",Autodesk.Revit.DB.Architecture.Room,0cbd931e-307b-4c69-bc6d-067af8cb2779-00063ac8,n/a,2.6,12.0034,12.0034,,,,,,
2C03,danielle.r.love@usace.army.mil,2013-12-30T08:58:02,13-41 41 99: Other Healing Spaces,Second Floor,CONSULT.,"Autodesk Revit 2014, Build: 20131024_2115(x64)",Autodesk.Revit.DB.Architecture.Room,0cbd931e-307b-4c69-bc6d-067af8cb2779-00063acb,n/a,2.4,33.4926,33.4926,,,,,,
2C04,danielle.r.love@usace.army.mil,2013-12-30T08:58:02,13-41 41 99: Other Healing Spaces,Second Floor,GEN. DENT. DTR #7,"Autodesk Revit 2014, Build: 20131024_2115(x64)",Autodesk.Revit.DB.Architecture.Room,0cbd931e-307b-4c69-bc6d-067af8cb2779-00063ace,n/a,2.6,11.1795,11.1795,,,,,,
2C05,danielle.r.love@usace.army.mil,2013-12-30T08:58:02,13-75 11 11: Storage Room,Second Floor,JAN. CL.,"Autodesk Revit 2014, Build: 20131024_2115(x64)",Autodesk.Revit.DB.Architecture.Room,0cbd931e-307b-4c69-bc6d-067af8cb2779-00063ad1,n/a,2.4,3.6925,3.6925,,,,,,
2C06,danielle.r.love@usace.army.mil,2013-12-30T08:58:02,13-41 41 99: Other Healing Spaces,Second Floor,GEN. DENT. DTR #8,"Autodesk Revit 2014, Build: 20131024_2115(x64)",Autodesk.Revit.DB.Architecture.Room,0cbd931e-307b-4c69-bc6d-067af8cb2779-00063ad4,n/a,2.6,12.0034,12.0034,,,,,,
2C07,danielle.r.love@usace.army.mil,2013-12-30T08:58:02,13-41 11 14 21: Restroom,Second Floor,M. STAFF Locker/TOILET,"Autodesk Revit 2014, Build: 20131024_2115(x64)",Autodesk.Revit.DB.Architecture.Room,0cbd931e-307b-4c69-bc6d-067af8cb2779-00063ad7,n/a,2.4,18.2427,18.2427,,,,,,
2C08,danielle.r.love@usace.army.mil,2013-12-30T08:58:02,13-41 11 14 21: Restroom,Second Floor,W. STAFF Locker/TOILET,"Autodesk Revit 2014, Build: 20131024_2115(x64)",Autodesk.Revit.DB.Architecture.Room,0cbd931e-307b-4c69-bc6d-067af8cb2779-00063ada,n/a,2.4,15.7322,15.7322,,,,,,
2C09,danielle.r.love@usace.army.mil,2013-12-30T08:58:02,13-41 41 99: Other Healing Spaces,Second Floor,GEN. DENT. DTR #9,"Autodesk Revit 2014, Build: 20131024_2115(x64)",Autodesk.Revit.DB.Architecture.Room,0cbd931e-307b-4c69-bc6d-067af8cb2779-00063add,n/a,2.6,11.3638,11.3638,,,,,,
2C10,danielle.r.love@usace.army.mil,2013-12-30T08:58:02,13-41 41 99: Other Healing Spaces,Second Floor,DIPC DECON,"Autodesk Revit 2014, Build: 20131024_2115(x64)",Autodesk.Revit.DB.Architecture.Room,0cbd931e-307b-4c69-bc6d-067af8cb2779-00063ae0,n/a,2.6,11.0309,11.0309,,,,,,
2C11,danielle.r.love@usace.army.mil,2013-12-30T08:58:02,13-41 41 99: Other Healing Spaces,Second Floor,HK,"Autodesk Revit 2014, Build: 20131024_2115(x64)",Autodesk.Revit.DB.Architecture.Room,0cbd931e-307b-4c69-bc6d-067af8cb2779-00063ae3,n/a,2.4,5.0922,5.0922,,,,,,
2C12,danielle.r.love@usace.army.mil,2013-12-30T08:58:02,13-41 41 99: Other Healing Spaces,Second Floor,DIPC CLEAN,"Autodesk Revit 2014, Build: 20131024_2115(x64)",Autodesk.Revit.DB.Architecture.Room,0cbd931e-307b-4c69-bc6d-067af8cb2779-00063ae6,n/a,2.6,14.3677,14.3677,,,,,,
2C13,danielle.r.love@usace.army.mil,2013-12-30T08:58:02,13-75 41 14: Soiled Storage Room Space,Second Floor,TRASH,"Autodesk Revit 2014, Build: 20131024_2115(x64)",Autodesk.Revit.DB.Architecture.Room,0cbd931e-307b-4c69-bc6d-067af8cb2779-00063ae9,n/a,2.4,5.5395,5.5395,,,,,,
2C14,danielle.r.love@usace.army.mil,2013-12-30T08:58:02,13-41 41 99: Other Healing Spaces,Second Floor,GEN. DENT. DTR #10,"Autodesk Revit 2014, Build: 20131024_2115(x64)",Autodesk.Revit.DB.Architecture.Room,0cbd931e-307b-4c69-bc6d-067af8cb2779-00063aec,n/a,2.6,12.0102,12.0102,,,,,,
2C15,danielle.r.love@usace.army.mil,2013-12-30T08:58:02,13-15 11 34 11: Office,Second Floor,COMM. ROOM,"Autodesk Revit 2014, Build: 20131024_2115(x64)",Autodesk.Revit.DB.Architecture.Room,0cbd931e-307b-4c69-bc6d-067af8cb2779-00063aef,n/a,4.7,9.58,9.58,,,,,,
2C16,danielle.r.love@usace.army.mil,2013-12-30T08:58:02,13-15 11 24 11: Laboratory,Second Floor,CERAMIC LAB,"Autodesk Revit 2014, Build: 20131024_2115(x64)",Autodesk.Revit.DB.Architecture.Room,0cbd931e-307b-4c69-bc6d-067af8cb2779-00063af2,n/a,2.7,11.155,11.155,,,,,,
2C17,danielle.r.love@usace.army.mil,2013-12-30T08:58:02,13-15 11 24 11: Laboratory,Second Floor,PROSTH. LAB,"Autodesk Revit 2014, Build: 20131024_2115(x64)",Autodesk.Revit.DB.Architecture.Room,0cbd931e-307b-4c69-bc6d-067af8cb2779-00063af5,n/a,2.7,30.5599,30.5599,,,,,,
2C18,danielle.r.love@usace.army.mil,2013-12-30T08:58:02,13-81 21 21: Electrical Room,Second Floor,ELECTRICAL,"Autodesk Revit 2014, Build: 20131024_2115(x64)",Autodesk.Revit.DB.Architecture.Room,0cbd931e-307b-4c69-bc6d-067af8cb2779-00063af8,n/a,4.7,9.84,9.84,,,,,,
2C19,danielle.r.love@usace.army.mil,2013-12-30T08:58:02,13-75 11 11: Storage Room,Second Floor,CENTRAL ISSUE,"Autodesk Revit 2014, Build: 20131024_2115(x64)",Autodesk.Revit.DB.Architecture.Room,0cbd931e-307b-4c69-bc6d-067af8cb2779-00063afb,n/a,2.7,21.0386,21.0386,,,,,,
2C22,danielle.r.love@usace.army.mil,2013-12-30T08:58:02,13-51 11 21: Break Room,Second Floor,LOUNGE,"Autodesk Revit 2014, Build: 20131024_2115(x64)",Autodesk.Revit.DB.Architecture.Room,0cbd931e-307b-4c69-bc6d-067af8cb2779-00063afe,n/a,2.4,11.1646,11.1646,,,,,,
2C23,danielle.r.love@usace.army.mil,2013-12-30T08:58:02,13-41 11 14 21: Restroom,Second Floor,M. TOILET,"Autodesk Revit 2014, Build: 20131024_2115(x64)",Autodesk.Revit.DB.Architecture.Room,0cbd931e-307b-4c69-bc6d-067af8cb2779-00063b05,n/a,2.4,8.6588,8.6588,,,,,,
2C24,danielle.r.love@usace.army.mil,2013-12-30T08:58:02,13-41 11 14 21: Restroom,Second Floor,W. TOILET,"Autodesk Revit 2014, Build: 20131024_2115(x64)",Autodesk.Revit.DB.Architecture.Room,0cbd931e-307b-4c69-bc6d-067af8cb2779-00063b08,n/a,2.4,9.22,9.22,,,,,,
2CC1,danielle.r.love@usace.army.mil,2013-12-30T08:58:02,13-85 11 11: Corridor,Second Floor,CORRIDOR,"Autodesk Revit 2014, Build: 20131024_2115(x64)",Autodesk.Revit.DB.Architecture.Room,0cbd931e-307b-4c69-bc6d-067af8cb2779-00063e94,n/a,2.4,18.813,18.813,,,,,,
2CC3,danielle.r.love@usace.army.mil,2013-12-30T08:58:02,13-85 11 11: Corridor,Second Floor,CORRIDOR,"Autodesk Revit 2014, Build: 20131024_2115(x64)",Autodesk.Revit.DB.Architecture.Room,0cbd931e-307b-4c69-bc6d-067af8cb2779-00063e97,n/a,2.4,17.2506,17.2506,,,,,,
2CC4,danielle.r.love@usace.army.mil,2013-12-30T08:58:02,13-85 11 11: Corridor,Second Floor,CORRIDOR,"Autodesk Revit 2014, Build: 20131024_2115(x64)",Autodesk.Revit.DB.Architecture.Room,0cbd931e-307b-4c69-bc6d-067af8cb2779-00063e9a,n/a,2.4,10.846,10.846,,,,,,
2CC2,danielle.r.love@usace.army.mil,2013-12-30T08:58:02,13-85 11 11: Corridor,Second Floor,CORRIDOR,"Autodesk Revit 2014, Build: 20131024_2115(x64)",Autodesk.Revit.DB.Architecture.Room,0cbd931e-307b-4c69-bc6d-067af8cb2779-00063eee,n/a,2.4,13.3735,13.3735,,,,,,
2D01,danielle.r.love@usace.army.mil,2013-12-30T08:58:02,13-75 11 11: Storage Room,Second Floor,PARTS STORAGE,"Autodesk Revit 2014, Build: 20131024_2115(x64)",Autodesk.Revit.DB.Architecture.Room,0cbd931e-307b-4c69-bc6d-067af8cb2779-00063efb,n/a,2.4,8.9242,8.9242,,,,,,
2D02,danielle.r.love@usace.army.mil,2013-12-30T08:58:02,13-75 11 11: Storage Room,Second Floor,DATA / ARCHIVE STORAGE,"Autodesk Revit 2014, Build: 20131024_2115(x64)",Autodesk.Revit.DB.Architecture.Room,0cbd931e-307b-4c69-bc6d-067af8cb2779-00063f02,n/a,2.4,9.9227,9.9227,,,,,,
2D03,danielle.r.love@usace.army.mil,2013-12-30T08:58:02,13-15 11 34 11: Office,Second Floor,DIR. INFO MGR,"Autodesk Revit 2014, Build: 20131024_2115(x64)",Autodesk.Revit.DB.Architecture.Room,0cbd931e-307b-4c69-bc6d-067af8cb2779-00063f05,n/a,2.4,9.4116,9.4116,,,,,,
2D04,danielle.r.love@usace.army.mil,2013-12-30T08:58:02,13-15 11 34 11: Office,Second Floor,SYS. ANALYST,"Autodesk Revit 2014, Build: 20131024_2115(x64)",Autodesk.Revit.DB.Architecture.Room,0cbd931e-307b-4c69-bc6d-067af8cb2779-00063f08,n/a,2.4,20.7007,20.7007,,,,,,
2D05,danielle.r.love@usace.army.mil,2013-12-30T08:58:02,13-81 21 17: Mechanical Room,Second Floor,MAIN MECHANICAL ROOM,"Autodesk Revit 2014, Build: 20131024_2115(x64)",Autodesk.Revit.DB.Architecture.Room,0cbd931e-307b-4c69-bc6d-067af8cb2779-00063f0b,n/a,4.7,231.1137,231.1137,,,,,,
2D06,danielle.r.love@usace.army.mil,2013-12-30T08:58:02,13-15 11 34 27: Copy Room,Second Floor,COPY / FILE/ Mail Box Area,"Autodesk Revit 2014, Build: 20131024_2115(x64)",Autodesk.Revit.DB.Architecture.Room,0cbd931e-307b-4c69-bc6d-067af8cb2779-00063f0e,n/a,2.4,11.9777,11.9777,,,,,,
2D07,danielle.r.love@usace.army.mil,2013-12-30T08:58:02,13-15 11 34 11: Office,Second Floor,SUPER,"Autodesk Revit 2014, Build: 20131024_2115(x64)",Autodesk.Revit.DB.Architecture.Room,0cbd931e-307b-4c69-bc6d-067af8cb2779-00063f11,n/a,2.4,9.2154,9.2154,,,,,,
2D08,danielle.r.love@usace.army.mil,2013-12-30T08:58:02,13-15 11 34 11: Office,Second Floor,QA / HRD DIRECTOR,"Autodesk Revit 2014, Build: 20131024_2115(x64)",Autodesk.Revit.DB.Architecture.Room,0cbd931e-307b-4c69-bc6d-067af8cb2779-00063f14,n/a,2.4,8.984,8.984,,,,,,
2D09,danielle.r.love@usace.army.mil,2013-12-30T08:58:02,13-15 11 34 11: Office,Second Floor,ADMIN OFFICE,"Autodesk Revit 2014, Build: 20131024_2115(x64)",Autodesk.Revit.DB.Architecture.Room,0cbd931e-307b-4c69-bc6d-067af8cb2779-00063f17,n/a,2.4,14.3932,14.3932,,,,,,
2D10,danielle.r.love@usace.army.mil,2013-12-30T08:58:02,13-51 31 11: Waiting Room,Second Floor,SEC. WAIT,"Autodesk Revit 2014, Build: 20131024_2115(x64)",Autodesk.Revit.DB.Architecture.Room,0cbd931e-307b-4c69-bc6d-067af8cb2779-00063f1a,n/a,2.4,16.632,16.632,,,,,,
2D11,danielle.r.love@usace.army.mil,2013-12-30T08:58:02,13-15 11 34 11: Office,Second Floor,CMDR OFFICE,"Autodesk Revit 2014, Build: 20131024_2115(x64)",Autodesk.Revit.DB.Architecture.Room,0cbd931e-307b-4c69-bc6d-067af8cb2779-00063f1d,n/a,2.4,15.8554,15.8554,,,,,,
2D12,danielle.r.love@usace.army.mil,2013-12-30T08:58:02,13-85 31 11: Entry Vestibule,Second Floor,VEST.,"Autodesk Revit 2014, Build: 20131024_2115(x64)",Autodesk.Revit.DB.Architecture.Room,0cbd931e-307b-4c69-bc6d-067af8cb2779-00063f20,n/a,2.4,2.7968,2.7968,,,,,,
2D13,danielle.r.love@usace.army.mil,2013-12-30T08:58:02,13-41 11 14 21: Restroom,Second Floor,TOILET,"Autodesk Revit 2014, Build: 20131024_2115(x64)",Autodesk.Revit.DB.Architecture.Room,0cbd931e-307b-4c69-bc6d-067af8cb2779-00063f24,n/a,2.4,4.7437,4.7437,,,,,,
2D14,danielle.r.love@usace.army.mil,2013-12-30T08:58:02,13-15 11 34 11: Office,Second Floor,OPS SQUAD CMDR,"Autodesk Revit 2014, Build: 20131024_2115(x64)",Autodesk.Revit.DB.Architecture.Room,0cbd931e-307b-4c69-bc6d-067af8cb2779-00063f27,n/a,2.4,13.6001,13.6001,,,,,,
2D15,danielle.r.love@usace.army.mil,2013-12-30T08:58:02,13-15 11 34 11: Office,Second Floor,1ST SGT,"Autodesk Revit 2014, Build: 20131024_2115(x64)",Autodesk.Revit.DB.Architecture.Room,0cbd931e-307b-4c69-bc6d-067af8cb2779-00063f2a,n/a,2.4,10.8297,10.8297,,,,,,
2D16,danielle.r.love@usace.army.mil,2013-12-30T08:58:02,13-15 11 34 11: Office,Second Floor,RMO DIR.,"Autodesk Revit 2014, Build: 20131024_2115(x64)",Autodesk.Revit.DB.Architecture.Room,0cbd931e-307b-4c69-bc6d-067af8cb2779-00063f2d,n/a,2.4,9.7505,9.7505,,,,,,
2D17,danielle.r.love@usace.army.mil,2013-12-30T08:58:02,13-15 11 34 11: Office,Second Floor,CREDENTIALS MGR,"Autodesk Revit 2014, Build: 20131024_2115(x64)",Autodesk.Revit.DB.Architecture.Room,0cbd931e-307b-4c69-bc6d-067af8cb2779-00063f30,n/a,2.4,9.6454,9.6454,,,,,,
2D18,danielle.r.love@usace.army.mil,2013-12-30T08:58:02,13-15 11 34 11: Office,Second Floor,TECH OFFICE,"Autodesk Revit 2014, Build: 20131024_2115(x64)",Autodesk.Revit.DB.Architecture.Room,0cbd931e-307b-4c69-bc6d-067af8cb2779-00063f33,n/a,2.7,84.8029,84.8029,,,,,,
2D19,danielle.r.love@usace.army.mil,2013-12-30T08:58:02,13-15 11 34 11: Office,Second Floor,READINESS NCOIC OFFICE,"Autodesk Revit 2014, Build: 20131024_2115(x64)",Autodesk.Revit.DB.Architecture.Room,0cbd931e-307b-4c69-bc6d-067af8cb2779-00063f36,n/a,2.4,10.9078,10.9078,,,,,,
2D20,danielle.r.love@usace.army.mil,2013-12-30T08:58:02,13-11 21 17: Conference Room,Second Floor,CONF. ROOM,"Autodesk Revit 2014, Build: 20131024_2115(x64)",Autodesk.Revit.DB.Architecture.Room,0cbd931e-307b-4c69-bc6d-067af8cb2779-00063f39,n/a,2.74,30.712,30.712,,,,,,
2D04A,danielle.r.love@usace.army.mil,2013-12-30T08:58:02,13-15 11 34 11: Office,Second Floor,COMPUTER ROOM,"Autodesk Revit 2014, Build: 20131024_2115(x64)",Autodesk.Revit.DB.Architecture.Room,0cbd931e-307b-4c69-bc6d-067af8cb2779-00063f9c,n/a,2.4,33.5478,33.5478,,,,,,
2DC1,danielle.r.love@usace.army.mil,2013-12-30T08:58:02,13-85 11 11: Corridor,Second Floor,CORRIDOR,"Autodesk Revit 2014, Build: 20131024_2115(x64)",Autodesk.Revit.DB.Architecture.Room,0cbd931e-307b-4c69-bc6d-067af8cb2779-00064174,n/a,2.4,21.5518,21.5518,,,,,,
2DC2,danielle.r.love@usace.army.mil,2013-12-30T08:58:02,13-85 11 11: Corridor,Second Floor,CORRIDOR,"Autodesk Revit 2014, Build: 20131024_2115(x64)",Autodesk.Revit.DB.Architecture.Room,0cbd931e-307b-4c69-bc6d-067af8cb2779-0006417b,n/a,2.4,30.1132,30.1132,,,,,,
2BC1,danielle.r.love@usace.army.mil,2013-12-30T08:58:02,13-85 11 11: Corridor,Second Floor,CORRIDOR,"Autodesk Revit 2014, Build: 20131024_2115(x64)",Autodesk.Revit.DB.Architecture.Room,0cbd931e-307b-4c69-bc6d-067af8cb2779-0006417e,n/a,2.4,12.8241,12.8241,,,,,,
2BC2,danielle.r.love@usace.army.mil,2013-12-30T08:58:02,13-85 11 11: Corridor,Second Floor,CORRIDOR,"Autodesk Revit 2014, Build: 20131024_2115(x64)",Autodesk.Revit.DB.Architecture.Room,0cbd931e-307b-4c69-bc6d-067af8cb2779-00064185,n/a,2.4,29.512,29.512,,,,,,
2BC3,danielle.r.love@usace.army.mil,2013-12-30T08:58:02,13-85 11 11: Corridor,Second Floor,CORRIDOR,"Autodesk Revit 2014, Build: 20131024_2115(x64)",Autodesk.Revit.DB.Architecture.Room,0cbd931e-307b-4c69-bc6d-067af8cb2779-00064188,n/a,2.4,26.8,26.8,,,,,,
2BC4,danielle.r.love@usace.army.mil,2013-12-30T08:58:02,13-85 11 11: Corridor,Second Floor,CORRIDOR,"Autodesk Revit 2014, Build: 20131024_2115(x64)",Autodesk.Revit.DB.Architecture.Room,0cbd931e-307b-4c69-bc6d-067af8cb2779-0006418b,n/a,2.4,12.4825,12.4825,,,,,,
2BC5,danielle.r.love@usace.army.mil,2013-12-30T08:58:02,13-85 11 11: Corridor,Second Floor,CORRIDOR,"Autodesk Revit 2014, Build: 20131024_2115(x64)",Autodesk.Revit.DB.Architecture.Room,0cbd931e-307b-4c69-bc6d-067af8cb2779-0006418e,n/a,2.4,22.7376,22.7376,,,,,,
2BC6,danielle.r.love@usace.army.mil,2013-12-30T08:58:02,13-85 11 11: Corridor,Second Floor,CORRIDOR,"Autodesk Revit 2014, Build: 20131024_2115(x64)",Autodesk.Revit.DB.Architecture.Room,0cbd931e-307b-4c69-bc6d-067af8cb2779-00064191,n/a,2.4,8.5751,8.5751,,,,,,
2B01,danielle.r.love@usace.army.mil,2013-12-30T08:58:02,13-15 11 34 11: Office,Second Floor,OFFICE,"Autodesk Revit 2014, Build: 20131024_2115(x64)",Autodesk.Revit.DB.Architecture.Room,0cbd931e-307b-4c69-bc6d-067af8cb2779-00064197,n/a,2.4,9.363,9.363,,,,,,
2B02,danielle.r.love@usace.army.mil,2013-12-30T08:58:02,13-75 11 11: Storage Room,Second Floor,JAN. CL.,"Autodesk Revit 2014, Build: 20131024_2115(x64)",Autodesk.Revit.DB.Architecture.Room,0cbd931e-307b-4c69-bc6d-067af8cb2779-0006419e,n/a,2.4,2.2001,2.2001,,,,,,
2B03,danielle.r.love@usace.army.mil,2013-12-30T08:58:02,13-11 21 17: Conference Room,Second Floor,CONF. / GROUP THERAPY,"Autodesk Revit 2014, Build: 20131024_2115(x64)",Autodesk.Revit.DB.Architecture.Room,0cbd931e-307b-4c69-bc6d-067af8cb2779-000641a1,n/a,2.7,24.5482,24.5482,,,,,,
2B04,danielle.r.love@usace.army.mil,2013-12-30T08:58:02,13-15 11 34 11: Office,Second Floor,PSYCH TEST,"Autodesk Revit 2014, Build: 20131024_2115(x64)",Autodesk.Revit.DB.Architecture.Room,0cbd931e-307b-4c69-bc6d-067af8cb2779-000641a4,n/a,2.4,9.8406,9.8406,,,,,,
2B05,danielle.r.love@usace.army.mil,2013-12-30T08:58:02,13-41 11 14 21: Restroom,Second Floor,W. TOILET,"Autodesk Revit 2014, Build: 20131024_2115(x64)",Autodesk.Revit.DB.Architecture.Room,0cbd931e-307b-4c69-bc6d-067af8cb2779-000641a7,n/a,2.4,4.7308,4.7308,,,,,,
2B06,danielle.r.love@usace.army.mil,2013-12-30T08:58:02,13-41 11 14 21: Restroom,Second Floor,STAFF TOILET,"Autodesk Revit 2014, Build: 20131024_2115(x64)",Autodesk.Revit.DB.Architecture.Room,0cbd931e-307b-4c69-bc6d-067af8cb2779-000641aa,n/a,2.4,5.6535,5.6535,,,,,,
2B07,danielle.r.love@usace.army.mil,2013-12-30T08:58:02,13-15 11 34 11: Office,Second Floor,TECH OFFICE,"Autodesk Revit 2014, Build: 20131024_2115(x64)",Autodesk.Revit.DB.Architecture.Room,0cbd931e-307b-4c69-bc6d-067af8cb2779-000641ad,n/a,2.4,9.9308,9.9308,,,,,,
2B08,danielle.r.love@usace.army.mil,2013-12-30T08:58:02,13-15 11 34 11: Office,Second Floor,OFFICE / EXAM,"Autodesk Revit 2014, Build: 20131024_2115(x64)",Autodesk.Revit.DB.Architecture.Room,0cbd931e-307b-4c69-bc6d-067af8cb2779-000641b0,n/a,2.4,12.6405,12.6405,,,,,,
2B09,danielle.r.love@usace.army.mil,2013-12-30T08:58:02,13-15 11 34 11: Office,Second Floor,TECH OFFICE,"Autodesk Revit 2014, Build: 20131024_2115(x64)",Autodesk.Revit.DB.Architecture.Room,0cbd931e-307b-4c69-bc6d-067af8cb2779-000641b3,n/a,2.4,9.94,9.94,,,,,,
2B10,danielle.r.love@usace.army.mil,2013-12-30T08:58:02,13-11 11 31: Reception Space,Second Floor,RECEPTION,"Autodesk Revit 2014, Build: 20131024_2115(x64)",Autodesk.Revit.DB.Architecture.Room,0cbd931e-307b-4c69-bc6d-067af8cb2779-000641b6,n/a,2.4,15.1738,15.1738,,,,,,
2B11,danielle.r.love@usace.army.mil,2013-12-30T08:58:02,13-51 31 11: Waiting Room,Second Floor,WAITING,"Autodesk Revit 2014, Build: 20131024_2115(x64)",Autodesk.Revit.DB.Architecture.Room,0cbd931e-307b-4c69-bc6d-067af8cb2779-000641b9,n/a,2.4,10.1069,10.1069,,,,,,
2B12,danielle.r.love@usace.army.mil,2013-12-30T08:58:02,13-15 11 34 11: Office,Second Floor,COMM. ROOM,"Autodesk Revit 2014, Build: 20131024_2115(x64)",Autodesk.Revit.DB.Architecture.Room,0cbd931e-307b-4c69-bc6d-067af8cb2779-000641bc,n/a,4.7,9.9248,9.9248,,,,,,
2B13,danielle.r.love@usace.army.mil,2013-12-30T08:58:02,13-81 21 21: Electrical Room,Second Floor,ELECTRICAL,"Autodesk Revit 2014, Build: 20131024_2115(x64)",Autodesk.Revit.DB.Architecture.Room,0cbd931e-307b-4c69-bc6d-067af8cb2779-000641bf,n/a,4.7,9.6859,9.6859,,,,,,
2B14,danielle.r.love@usace.army.mil,2013-12-30T08:58:02,13-75 11 11: Storage Room,Second Floor,RECS / FORMS STORAGE,"Autodesk Revit 2014, Build: 20131024_2115(x64)",Autodesk.Revit.DB.Architecture.Room,0cbd931e-307b-4c69-bc6d-067af8cb2779-000641c2,n/a,2.4,10.5466,10.5466,,,,,,
2B15,danielle.r.love@usace.army.mil,2013-12-30T08:58:02,13-51 31 11: Waiting Room,Second Floor,WAIT / ERGOM,"Autodesk Revit 2014, Build: 20131024_2115(x64)",Autodesk.Revit.DB.Architecture.Room,0cbd931e-307b-4c69-bc6d-067af8cb2779-000641c5,n/a,2.4,9.1176,9.1176,,,,,,
2B16,danielle.r.love@usace.army.mil,2013-12-30T08:58:02,13-15 11 34 11: Office,Second Floor,PH TECH,"Autodesk Revit 2014, Build: 20131024_2115(x64)",Autodesk.Revit.DB.Architecture.Room,0cbd931e-307b-4c69-bc6d-067af8cb2779-000641c8,n/a,2.4,9.5163,9.5163,,,,,,
2B17,danielle.r.love@usace.army.mil,2013-12-30T08:58:02,13-11 19 11 11: Kitchen,Second Floor,CL. UTL. / KITCHENET,"Autodesk Revit 2014, Build: 20131024_2115(x64)",Autodesk.Revit.DB.Architecture.Room,0cbd931e-307b-4c69-bc6d-067af8cb2779-000641cb,n/a,2.4,8.9967,8.9967,,,,,,
2B18,danielle.r.love@usace.army.mil,2013-12-30T08:58:02,13-15 11 34 11: Office,Second Floor,PH TECH,"Autodesk Revit 2014, Build: 20131024_2115(x64)",Autodesk.Revit.DB.Architecture.Room,0cbd931e-307b-4c69-bc6d-067af8cb2779-000641ce,n/a,2.4,9.5243,9.5243,,,,,,
2B19,danielle.r.love@usace.army.mil,2013-12-30T08:58:02,13-15 11 34 11: Office,Second Floor,OFFICE,"Autodesk Revit 2014, Build: 20131024_2115(x64)",Autodesk.Revit.DB.Architecture.Room,0cbd931e-307b-4c69-bc6d-067af8cb2779-000641d1,n/a,2.4,8.8758,8.8758,,,,,,
2B20,danielle.r.love@usace.army.mil,2013-12-30T08:58:02,13-75 11 11: Storage Room,Second Floor,JAN. CL.,"Autodesk Revit 2014, Build: 20131024_2115(x64)",Autodesk.Revit.DB.Architecture.Room,0cbd931e-307b-4c69-bc6d-067af8cb2779-000641d4,n/a,2.4,3.2362,3.2362,,,,,,
2B21,danielle.r.love@usace.army.mil,2013-12-30T08:58:02,13-15 11 34 11: Office,Second Floor,PH SUPER,"Autodesk Revit 2014, Build: 20131024_2115(x64)",Autodesk.Revit.DB.Architecture.Room,0cbd931e-307b-4c69-bc6d-067af8cb2779-000641d7,n/a,2.4,9.2509,9.2509,,,,,,
2B22,danielle.r.love@usace.army.mil,2013-12-30T08:58:02,13-41 11 14 21: Restroom,Second Floor,M. TOILET,"Autodesk Revit 2014, Build: 20131024_2115(x64)",Autodesk.Revit.DB.Architecture.Room,0cbd931e-307b-4c69-bc6d-067af8cb2779-000641da,n/a,2.4,5.1672,5.1672,,,,,,
2B23,danielle.r.love@usace.army.mil,2013-12-30T08:58:02,13-15 11 34 11: Office,Second Floor,BEE TECH,"Autodesk Revit 2014, Build: 20131024_2115(x64)",Autodesk.Revit.DB.Architecture.Room,0cbd931e-307b-4c69-bc6d-067af8cb2779-000641dd,n/a,2.4,10.7975,10.7975,,,,,,
2B24,danielle.r.love@usace.army.mil,2013-12-30T08:58:02,13-15 11 34 11: Office,Second Floor,BEE TECH,"Autodesk Revit 2014, Build: 20131024_2115(x64)",Autodesk.Revit.DB.Architecture.Room,0cbd931e-307b-4c69-bc6d-067af8cb2779-000641e0,n/a,2.4,9.776,9.776,,,,,,
2B25,danielle.r.love@usace.army.mil,2013-12-30T08:58:02,13-75 41 14: Soiled Storage Room Space,Second Floor,SOIL. UTL. / TRASH,"Autodesk Revit 2014, Build: 20131024_2115(x64)",Autodesk.Revit.DB.Architecture.Room,0cbd931e-307b-4c69-bc6d-067af8cb2779-000641e3,n/a,2.4,7.4637,7.4637,,,,,,
2BS2,danielle.r.love@usace.army.mil,2013-12-30T08:58:02,13-85 21 11: Stairway,Second Floor,STAIR,"Autodesk Revit 2014, Build: 20131024_2115(x64)",Autodesk.Revit.DB.Architecture.Room,0cbd931e-307b-4c69-bc6d-067af8cb2779-000641e6,n/a,2.4,15.4516,15.4516,,,,,,
2CS3,danielle.r.love@usace.army.mil,2013-12-30T08:58:02,13-85 21 11: Stairway,Second Floor,STAIR,"Autodesk Revit 2014, Build: 20131024_2115(x64)",Autodesk.Revit.DB.Architecture.Room,0cbd931e-307b-4c69-bc6d-067af8cb2779-000641ed,n/a,2.4,15.2659,15.2659,,,,,,
3D01,danielle.r.love@usace.army.mil,2013-12-30T08:58:02,13-81 21 17: Mechanical Room,Roof - Main,MECH. PENTHOUSE,"Autodesk Revit 2014, Build: 20131024_2115(x64)",Autodesk.Revit.DB.Architecture.Room,0cbd931e-307b-4c69-bc6d-067af8cb2779-00064426,n/a,4.7,64.8322,64.8322,,,,,,
3AC1,danielle.r.love@usace.army.mil,2013-12-30T08:58:02,13-85 31 99: Other Transitional Circulation Spaces,Roof - Main,ROOF,"Autodesk Revit 2014, Build: 20131024_2115(x64)",Autodesk.Revit.DB.Architecture.Room,0cbd931e-307b-4c69-bc6d-067af8cb2779-0006442f,n/a,4.7,99.1595,99.1595,,,,,,
2CC5,danielle.r.love@usace.army.mil,2013-12-30T08:58:02,13-85 11 11: Corridor,Second Floor,CORRIDOR,"Autodesk Revit 2014, Build: 20131024_2115(x64)",Autodesk.Revit.DB.Architecture.Room,6ae62e9f-c4f8-4a10-907f-395bff37d35f-00064541,n/a,2.4,8.1288,8.1288,,,,,,
2D21,danielle.r.love@usace.army.mil,2013-12-30T08:58:02,13-11 11 17: Classroom,Second Floor,LIBRARY / CLASSROOM,"Autodesk Revit 2014, Build: 20131024_2115(x64)",Autodesk.Revit.DB.Architecture.Room,6ae62e9f-c4f8-4a10-907f-395bff37d35f-0006459f,n/a,2.74,27.3034,27.3034,,,,,,
1F01,danielle.r.love@usace.army.mil,2013-12-30T08:58:02,13-81 21 11: Equipment Room,First Floor,MECH. YARD,"Autodesk Revit 2014, Build: 20131024_2115(x64)",Autodesk.Revit.DB.Architecture.Room,57e65f4f-3757-48a1-9329-81e8d167ef51-0007288d,n/a,2.4,80.0652,80.0652,,,,,,
2R02,danielle.r.love@usace.army.mil,2013-12-30T08:58:02,13-81 11 99: Other General Facility Service Spaces,Second Floor,ROOF,"Autodesk Revit 2014, Build: 20131024_2115(x64)",Autodesk.Revit.DB.Architecture.Room,3e4a1cfa-5459-4224-b8c7-30086a579509-00072895,n/a,4.7,603.3827,603.3827,,,,,,
2R01,danielle.r.love@usace.army.mil,2013-12-30T08:58:02,13-81 11 99: Other General Facility Service Spaces,Second Floor,ROOF,"Autodesk Revit 2014, Build: 20131024_2115(x64)",Autodesk.Revit.DB.Architecture.Room,3e4a1cfa-5459-4224-b8c7-30086a579509-00072899,n/a,4.7,54.8735,54.8735,,,,,,
3R01,danielle.r.love@usace.army.mil,2013-12-30T08:58:02,13-81 11 99: Other General Facility Service Spaces,Roof - Main,ROOF,"Autodesk Revit 2014, Build: 20131024_2115(x64)",Autodesk.Revit.DB.Architecture.Room,3e4a1cfa-5459-4224-b8c7-30086a579509-00072cca,n/a,4.7,1569.5374,1569.5374,,,,,,
3R02,danielle.r.love@usace.army.mil,2013-12-30T08:58:02,13-81 11 99: Other General Facility Service Spaces,Roof - Main,ROOF,"Autodesk Revit 2014, Build: 20131024_2115(x64)",Autodesk.Revit.DB.Architecture.Room,3e4a1cfa-5459-4224-b8c7-30086a579509-00072ccd,n/a,4.7,13.3009,13.3009,,,,,,
3R04,danielle.r.love@usace.army.mil,2013-12-30T08:58:02,13-81 11 99: Other General Facility Service Spaces,Roof - Main,ROOF,"Autodesk Revit 2014, Build: 20131024_2115(x64)",Autodesk.Revit.DB.Architecture.Room,3e4a1cfa-5459-4224-b8c7-30086a579509-00072cd1,n/a,4.7,15.1622,15.1622,,,,,,
3R03,danielle.r.love@usace.army.mil,2013-12-30T08:58:02,13-81 11 99: Other General Facility Service Spaces,Roof - Main,ROOF,"Autodesk Revit 2014, Build: 20131024_2115(x64)",Autodesk.Revit.DB.Architecture.Room,3e4a1cfa-5459-4224-b8c7-30086a579509-00072f4d,n/a,4.7,58.0495,58.0495,,,,,,
1F02,danielle.r.love@usace.army.mil,2013-12-30T08:58:02,13-91 11 11 33: Loading Dock,First Floor,LOADING DOCK,"Autodesk Revit 2014, Build: 20131024_2115(x64)",Autodesk.Revit.DB.Architecture.Room,b1beebc5-cfa5-45b7-81dd-e52406a55eb2-00078d3e,n/a,2.4,80.0647,80.0647,,,,,,
Site,danielle.r.love@usace.army.mil,2013-12-30T08:58:02,13-81 31: Service Distribution Spaces,Site,Site,"Autodesk Revit 2014, Build: 20131024_2115(x64)",Autodesk.Revit.DB.Architecture.Room,bd273851-3af3-4147-9a18-7588c2834261-000d66f7,n/a,9.25,1241.0293,1241.0293,,,,,,
