Name,CreatedBy,CreatedOn,Category,Description,AssetType,Manufacturer,ModelNumber,WarrantyGuarantorParts,WarrantyDurationParts,WarrantyGuarantorLabor,WarrantyDurationLabor,WarrantyDurationUnit,ExtSystem,ExtObject,ExtIdentifier,ReplacementCost,ExpectedLife,DurationUnit,WarrantyDescription,NominalLength,NominalWidth,NominalHeight,ModelReference,Shape,Size,Color,Finish,Grade,Material,Constituents,Features,AccessibilityPerformance,CodePerformance,SustainabilityPerformance,Area,Length,
M_Return Diffuser_600 x 600 Face 300 x 300 Connection,bill.east@us.army.mil,2013-12-30T08:58:03,"23.75.70.21.27.11: Diffusers, Registers, and Grilles",600 x 600 Face 300 x 300 Connection,Fixed,n/a,n/a,n/a,n/a,n/a,n/a,year,"Autodesk Revit 2014, Build: 20131024_2115(x64)",Autodesk.Revit.DB.FamilySymbol,4ec17585-c36e-4cc3-8301-61df48a06d7e-000c89be,n/a,n/a,year,n/a,n/a,n/a,n/a,n/a,n/a,n/a,n/a,n/a,n/a,n/a,n/a,n/a,n/a,n/a,n/a,n/a,n/a, 
Supply Diffuser 600 Face,danielle.r.love@usace.army.mil,2013-12-30T08:58:10,"23.75.70.21.27.11: Diffusers, Registers, and Grilles",600 x 600 Face 300 x 300 Connection,Fixed,n/a,n/a,n/a,n/a,n/a,n/a,year,"Autodesk Revit 2014, Build: 20131024_2115(x64)",Autodesk.Revit.DB.FamilySymbol,4ec17585-c36e-4cc3-8301-61df48a06d7e-000c89bf,n/a,n/a,year,n/a,n/a,n/a,n/a,n/a,n/a,n/a,n/a,n/a,n/a,n/a,n/a,n/a,n/a,n/a,n/a,n/a,n/a,
Supply Diffuser Sidewall 800 mm,danielle.r.love@usace.army.mil,2013-12-30T08:58:10,"23.75.70.21.27.11: Diffusers, Registers, and Grilles",800mm,Fixed,n/a,n/a,n/a,n/a,n/a,n/a,year,"Autodesk Revit 2014, Build: 20131024_2115(x64)",Autodesk.Revit.DB.FamilySymbol,4ec17585-c36e-4cc3-8301-61df48a06d7e-000c8a1b,n/a,n/a,year,n/a,n/a,n/a,n/a,n/a,n/a,n/a,n/a,n/a,n/a,n/a,n/a,n/a,n/a,n/a,n/a,n/a,n/a,
Supply Diffuser Sidewall Standard,danielle.r.love@usace.army.mil,2013-12-30T08:58:10,"23.75.70.21.27.11: Diffusers, Registers, and Grilles",Standard,Fixed,n/a,n/a,n/a,n/a,n/a,n/a,year,"Autodesk Revit 2014, Build: 20131024_2115(x64)",Autodesk.Revit.DB.FamilySymbol,4ec17585-c36e-4cc3-8301-61df48a06d7e-000c8a1d,n/a,n/a,year,n/a,n/a,n/a,n/a,n/a,n/a,n/a,n/a,n/a,n/a,n/a,n/a,n/a,n/a,n/a,n/a,n/a,n/a,
Return Diffuser 200 Face,danielle.r.love@usace.army.mil,2013-12-30T08:58:10,"23.75.70.21.27.11: Diffusers, Registers, and Grilles",200 x 200 Face 300 x 300 Connection,Fixed,n/a,n/a,n/a,n/a,n/a,n/a,year,"Autodesk Revit 2014, Build: 20131024_2115(x64)",Autodesk.Revit.DB.FamilySymbol,4ec17585-c36e-4cc3-8301-61df48a06d7e-000c8a1f,n/a,n/a,year,n/a,n/a,n/a,n/a,n/a,n/a,n/a,n/a,n/a,n/a,n/a,n/a,n/a,n/a,n/a,n/a,n/a,n/a,
Return Diffuser 500 Face,danielle.r.love@usace.army.mil,2013-12-30T08:58:10,"23.75.70.21.27.11: Diffusers, Registers, and Grilles",500 x 500 Face 300 x 300 Connection 2,Fixed,n/a,n/a,n/a,n/a,n/a,n/a,year,"Autodesk Revit 2014, Build: 20131024_2115(x64)",Autodesk.Revit.DB.FamilySymbol,4ec17585-c36e-4cc3-8301-61df48a06d7e-000c8a21,n/a,n/a,year,n/a,n/a,n/a,n/a,n/a,n/a,n/a,n/a,n/a,n/a,n/a,n/a,n/a,n/a,n/a,n/a,n/a,n/a,
Return Diffuser 300 Face,danielle.r.love@usace.army.mil,2013-12-30T08:58:10,"23.75.70.21.27.11: Diffusers, Registers, and Grilles",300 x 300 Face 300 x 300 Connection 2,Fixed,n/a,n/a,n/a,n/a,n/a,n/a,year,"Autodesk Revit 2014, Build: 20131024_2115(x64)",Autodesk.Revit.DB.FamilySymbol,4ec17585-c36e-4cc3-8301-61df48a06d7e-000c8a25,n/a,n/a,year,n/a,n/a,n/a,n/a,n/a,n/a,n/a,n/a,n/a,n/a,n/a,n/a,n/a,n/a,n/a,n/a,n/a,n/a,
Return Diffuser 400 Face,danielle.r.love@usace.army.mil,2013-12-30T08:58:10,"23.75.70.21.27.11: Diffusers, Registers, and Grilles",400 x 400 Face 300 x 300 Connection 3,Fixed,n/a,n/a,n/a,n/a,n/a,n/a,year,"Autodesk Revit 2014, Build: 20131024_2115(x64)",Autodesk.Revit.DB.FamilySymbol,4ec17585-c36e-4cc3-8301-61df48a06d7e-000c8a27,n/a,n/a,year,n/a,n/a,n/a,n/a,n/a,n/a,n/a,n/a,n/a,n/a,n/a,n/a,n/a,n/a,n/a,n/a,n/a,n/a,
Return Diffuser 150 Face,danielle.r.love@usace.army.mil,2013-12-30T08:58:10,"23.75.70.21.27.11: Diffusers, Registers, and Grilles",150 x 150 Face 300 x 300 Connection 2,Fixed,n/a,n/a,n/a,n/a,n/a,n/a,year,"Autodesk Revit 2014, Build: 20131024_2115(x64)",Autodesk.Revit.DB.FamilySymbol,4ec17585-c36e-4cc3-8301-61df48a06d7e-000c8a29,n/a,n/a,year,n/a,n/a,n/a,n/a,n/a,n/a,n/a,n/a,n/a,n/a,n/a,n/a,n/a,n/a,n/a,n/a,n/a,n/a,
Return Diffuser 350 Face,danielle.r.love@usace.army.mil,2013-12-30T08:58:10,"23.75.70.21.27.11: Diffusers, Registers, and Grilles",350 x 350 Face 300 x 300 Connection 3,Fixed,n/a,n/a,n/a,n/a,n/a,n/a,year,"Autodesk Revit 2014, Build: 20131024_2115(x64)",Autodesk.Revit.DB.FamilySymbol,4ec17585-c36e-4cc3-8301-61df48a06d7e-000c8a2e,n/a,n/a,year,n/a,n/a,n/a,n/a,n/a,n/a,n/a,n/a,n/a,n/a,n/a,n/a,n/a,n/a,n/a,n/a,n/a,n/a,
Return Diffuser 450 Face,danielle.r.love@usace.army.mil,2013-12-30T08:58:10,"23.75.70.21.27.11: Diffusers, Registers, and Grilles",450 x 450 Face 300 x 300 Connection 3,Fixed,n/a,n/a,n/a,n/a,n/a,n/a,year,"Autodesk Revit 2014, Build: 20131024_2115(x64)",Autodesk.Revit.DB.FamilySymbol,4ec17585-c36e-4cc3-8301-61df48a06d7e-000c8a40,n/a,n/a,year,n/a,n/a,n/a,n/a,n/a,n/a,n/a,n/a,n/a,n/a,n/a,n/a,n/a,n/a,n/a,n/a,n/a,n/a,
Supply Diffuser Sidewall 400mm,danielle.r.love@usace.army.mil,2013-12-30T08:58:10,"23.75.70.21.27.11: Diffusers, Registers, and Grilles",400mm,Fixed,n/a,n/a,n/a,n/a,n/a,n/a,year,"Autodesk Revit 2014, Build: 20131024_2115(x64)",Autodesk.Revit.DB.FamilySymbol,4ec17585-c36e-4cc3-8301-61df48a06d7e-000c8a7d,n/a,n/a,year,n/a,n/a,n/a,n/a,n/a,n/a,n/a,n/a,n/a,n/a,n/a,n/a,n/a,n/a,n/a,n/a,n/a,n/a,
Supply Diffuser Sidewall 200mm,danielle.r.love@usace.army.mil,2013-12-30T08:58:10,"23.75.70.21.27.11: Diffusers, Registers, and Grilles",200mm,Fixed,n/a,n/a,n/a,n/a,n/a,n/a,year,"Autodesk Revit 2014, Build: 20131024_2115(x64)",Autodesk.Revit.DB.FamilySymbol,4ec17585-c36e-4cc3-8301-61df48a06d7e-000c8a7f,n/a,n/a,year,n/a,n/a,n/a,n/a,n/a,n/a,n/a,n/a,n/a,n/a,n/a,n/a,n/a,n/a,n/a,n/a,n/a,n/a,
Cabinet Type A3,mariangelica.carrasquillo@usace.army.mil,2013-12-30T08:58:10,23-40 35 17 47 11: Kitchen Casework,Base Cabinet-Double Door & 2 Drawer,Fixed,n/a,n/a,n/a,n/a,n/a,n/a,year,"Autodesk Revit 2014, Build: 20131024_2115(x64)",Autodesk.Revit.DB.FamilySymbol,e5ba3237-268a-458b-9c0f-a871d55d9e0b-0004dfad,n/a,20,year,n/a,n/a,n/a,n/a,n/a,n/a,n/a,n/a,n/a,n/a,n/a,n/a,n/a,n/a,n/a,n/a,n/a,n/a,
Counter Top,mariangelica.carrasquillo@usace.army.mil,2013-12-30T08:58:10,23-40 35 17 47 11: Kitchen Casework,Counter Top 600mm Depth,Fixed,n/a,n/a,n/a,n/a,n/a,n/a,year,"Autodesk Revit 2014, Build: 20131024_2115(x64)",Autodesk.Revit.DB.FamilySymbol,e5ba3237-268a-458b-9c0f-a871d55d9e0b-0004e1ce,n/a,20,year,n/a,n/a,n/a,n/a,n/a,n/a,n/a,White,n/a,n/a,Granite,n/a,n/a,n/a,n/a,n/a,n/a,n/a,
Counter Top - L Shaped,mariangelica.carrasquillo@usace.army.mil,2013-12-30T08:58:10,23-40 35 17 47 11: Kitchen Casework,L Shaped Counter Top 600mm Depth,Fixed,n/a,n/a,n/a,n/a,n/a,n/a,year,"Autodesk Revit 2014, Build: 20131024_2115(x64)",Autodesk.Revit.DB.FamilySymbol,e5ba3237-268a-458b-9c0f-a871d55d9e0b-0004e5ad,n/a,20,year,n/a,n/a,n/a,n/a,n/a,n/a,n/a,White,n/a,n/a,Granite,n/a,n/a,n/a,n/a,n/a,n/a,n/a,
Cabinet Type B1,mariangelica.carrasquillo@usace.army.mil,2013-12-30T08:58:10,23-40 35 17 47 11: Kitchen Casework,Upper Cabinet-Double Door-Wall,Fixed,n/a,n/a,n/a,n/a,n/a,n/a,year,"Autodesk Revit 2014, Build: 20131024_2115(x64)",Autodesk.Revit.DB.FamilySymbol,e5ba3237-268a-458b-9c0f-a871d55d9e0b-0004ea6b,n/a,20,year,n/a,n/a,n/a,n/a,n/a,n/a,n/a,n/a,n/a,n/a,n/a,n/a,n/a,n/a,n/a,n/a,n/a,n/a,
Cabinet Type B3,mariangelica.carrasquillo@usace.army.mil,2013-12-30T08:58:10,23-40 35 17 47 11: Kitchen Casework,Upper Cabinet-Double Door-Wall,Fixed,n/a,n/a,n/a,n/a,n/a,n/a,year,"Autodesk Revit 2014, Build: 20131024_2115(x64)",Autodesk.Revit.DB.FamilySymbol,e5ba3237-268a-458b-9c0f-a871d55d9e0b-0004f175,n/a,20,year,n/a,n/a,n/a,n/a,n/a,n/a,n/a,n/a,n/a,n/a,n/a,n/a,n/a,n/a,n/a,n/a,n/a,n/a,
Cabinet Type C,mariangelica.carrasquillo@usace.army.mil,2013-12-30T08:58:10,23-40 35 17 47 11: Kitchen Casework,Upper Cabinet-Single Door-Wall,Fixed,n/a,n/a,n/a,n/a,n/a,n/a,year,"Autodesk Revit 2014, Build: 20131024_2115(x64)",Autodesk.Revit.DB.FamilySymbol,e5ba3237-268a-458b-9c0f-a871d55d9e0b-0004fd21,n/a,20,year,n/a,n/a,n/a,n/a,n/a,n/a,n/a,n/a,n/a,n/a,n/a,n/a,n/a,n/a,n/a,n/a,n/a,n/a,
Cabinet Type B4,mariangelica.carrasquillo@usace.army.mil,2013-12-30T08:58:10,23-40 35 17 47 11: Kitchen Casework,Upper Cabinet-Double Door-Wall,Fixed,n/a,n/a,n/a,n/a,n/a,n/a,year,"Autodesk Revit 2014, Build: 20131024_2115(x64)",Autodesk.Revit.DB.FamilySymbol,b1ce60d7-c2da-4d17-ae80-b31ee5f80d50-00052936,n/a,20,year,n/a,n/a,n/a,n/a,n/a,n/a,n/a,n/a,n/a,n/a,n/a,n/a,n/a,n/a,n/a,n/a,n/a,n/a,
Cabinet Type B,mariangelica.carrasquillo@usace.army.mil,2013-12-30T08:58:10,23-40 35 17 47 11: Kitchen Casework,Upper Cabinet-Double Door-Wall,Fixed,n/a,n/a,n/a,n/a,n/a,n/a,year,"Autodesk Revit 2014, Build: 20131024_2115(x64)",Autodesk.Revit.DB.FamilySymbol,e5f3f95c-4654-46ff-b0fc-b880a9041b2d-00053399,n/a,20,year,n/a,n/a,n/a,n/a,n/a,n/a,n/a,n/a,n/a,n/a,n/a,n/a,n/a,n/a,n/a,n/a,n/a,n/a,
Cabinet Type B2,mariangelica.carrasquillo@usace.army.mil,2013-12-30T08:58:10,23-40 35 17 47 11: Kitchen Casework,Upper Cabinet-Double Door-Wall,Fixed,n/a,n/a,n/a,n/a,n/a,n/a,year,"Autodesk Revit 2014, Build: 20131024_2115(x64)",Autodesk.Revit.DB.FamilySymbol,e5f3f95c-4654-46ff-b0fc-b880a9041b2d-00053c96,n/a,20,year,n/a,n/a,n/a,n/a,n/a,n/a,n/a,n/a,n/a,n/a,n/a,n/a,n/a,n/a,n/a,n/a,n/a,n/a,
Cabinet Type A,mariangelica.carrasquillo@usace.army.mil,2013-12-30T08:58:10,23-40 35 17 47 11: Kitchen Casework,Base Cabinet-Double Door & 2 Drawer,Fixed,n/a,n/a,n/a,n/a,n/a,n/a,year,"Autodesk Revit 2014, Build: 20131024_2115(x64)",Autodesk.Revit.DB.FamilySymbol,c1f0f3d5-d958-4635-ba02-942e4e9f2876-00066de5,n/a,20,year,n/a,n/a,n/a,n/a,n/a,n/a,n/a,n/a,n/a,n/a,n/a,n/a,n/a,n/a,n/a,n/a,n/a,n/a,
Cabinet Type A1,mariangelica.carrasquillo@usace.army.mil,2013-12-30T08:58:10,23-40 35 17 47 11: Kitchen Casework,Base Cabinet-Double Door & 2 Drawer,Fixed,n/a,n/a,n/a,n/a,n/a,n/a,year,"Autodesk Revit 2014, Build: 20131024_2115(x64)",Autodesk.Revit.DB.FamilySymbol,c1f0f3d5-d958-4635-ba02-942e4e9f2876-00066e07,n/a,20,year,n/a,n/a,n/a,n/a,n/a,n/a,n/a,n/a,n/a,n/a,n/a,n/a,n/a,n/a,n/a,n/a,n/a,n/a,
Cabinet Type A2,mariangelica.carrasquillo@usace.army.mil,2013-12-30T08:58:10,23-40 35 17 47 11: Kitchen Casework,Base Cabinet-Double Door & 2 Drawer,Fixed,n/a,n/a,n/a,n/a,n/a,n/a,year,"Autodesk Revit 2014, Build: 20131024_2115(x64)",Autodesk.Revit.DB.FamilySymbol,c1f0f3d5-d958-4635-ba02-942e4e9f2876-00066e19,n/a,20,year,n/a,n/a,n/a,n/a,n/a,n/a,n/a,n/a,n/a,n/a,n/a,n/a,n/a,n/a,n/a,n/a,n/a,n/a,
Cabinet Type A4,mariangelica.carrasquillo@usace.army.mil,2013-12-30T08:58:10,23-40 35 17 47 11: Kitchen Casework,Base Cabinet-Double Door & 2 Drawer,Fixed,n/a,n/a,n/a,n/a,n/a,n/a,year,"Autodesk Revit 2014, Build: 20131024_2115(x64)",Autodesk.Revit.DB.FamilySymbol,5c69594c-0f0e-4d71-b77a-4ddd3ff67f95-00066e76,n/a,20,year,n/a,n/a,n/a,n/a,n/a,n/a,n/a,n/a,n/a,n/a,n/a,n/a,n/a,n/a,n/a,n/a,n/a,n/a,
Cabinet Type A5,mariangelica.carrasquillo@usace.army.mil,2013-12-30T08:58:10,23-40 35 17 47 11: Kitchen Casework,Base Cabinet-Double Door & 2 Drawer,Fixed,n/a,n/a,n/a,n/a,n/a,n/a,year,"Autodesk Revit 2014, Build: 20131024_2115(x64)",Autodesk.Revit.DB.FamilySymbol,5c69594c-0f0e-4d71-b77a-4ddd3ff67f95-00066e88,n/a,20,year,n/a,n/a,n/a,n/a,n/a,n/a,n/a,n/a,n/a,n/a,n/a,n/a,n/a,n/a,n/a,n/a,n/a,n/a,
Cabinet Type A6,mariangelica.carrasquillo@usace.army.mil,2013-12-30T08:58:10,23-40 35 17 47 11: Kitchen Casework,Base Cabinet-Double Door & 2 Drawer,Fixed,n/a,n/a,n/a,n/a,n/a,n/a,year,"Autodesk Revit 2014, Build: 20131024_2115(x64)",Autodesk.Revit.DB.FamilySymbol,5c69594c-0f0e-4d71-b77a-4ddd3ff67f95-00066e9a,n/a,20,year,n/a,n/a,n/a,n/a,n/a,n/a,n/a,n/a,n/a,n/a,n/a,n/a,n/a,n/a,n/a,n/a,n/a,n/a,
Cabinet Type A7,mariangelica.carrasquillo@usace.army.mil,2013-12-30T08:58:10,23-40 35 17 47 11: Kitchen Casework,Base Cabinet-Double Door & 2 Drawer,Fixed,n/a,n/a,n/a,n/a,n/a,n/a,year,"Autodesk Revit 2014, Build: 20131024_2115(x64)",Autodesk.Revit.DB.FamilySymbol,5c69594c-0f0e-4d71-b77a-4ddd3ff67f95-00066ebc,n/a,20,year,n/a,n/a,n/a,n/a,n/a,n/a,n/a,n/a,n/a,n/a,n/a,n/a,n/a,n/a,n/a,n/a,n/a,n/a,
Cabinet Type A8,mariangelica.carrasquillo@usace.army.mil,2013-12-30T08:58:10,23-40 35 17 47 11: Kitchen Casework,Base Cabinet-Double Door & 2 Drawer,Fixed,n/a,n/a,n/a,n/a,n/a,n/a,year,"Autodesk Revit 2014, Build: 20131024_2115(x64)",Autodesk.Revit.DB.FamilySymbol,5c69594c-0f0e-4d71-b77a-4ddd3ff67f95-00066f0e,n/a,20,year,n/a,n/a,n/a,n/a,n/a,n/a,n/a,n/a,n/a,n/a,n/a,n/a,n/a,n/a,n/a,n/a,n/a,n/a,
Equip-D9030,bill.east@us.army.mil,2013-12-30T08:58:10,23-40 35 11 11: Cabinets,Cabinet-810 x 560 x 460,Fixed,n/a,MC-SML001,n/a,n/a,n/a,n/a,year,"Autodesk Revit 2014, Build: 20131024_2115(x64)",Autodesk.Revit.DB.FamilySymbol,4eb2de81-d10d-4112-88b5-6bf55cdb7081-000e3f6f,n/a,n/a,year,n/a,n/a,n/a,n/a,n/a,n/a,n/a,n/a,n/a,n/a,n/a,n/a,n/a,n/a,n/a,n/a,n/a,n/a,
Equip-D9400,bill.east@us.army.mil,2013-12-30T08:58:10,23-40 35 11 11: Cabinets,Cabinet-760 x 965 x 355,Fixed,n/a,n/a,n/a,n/a,n/a,n/a,year,"Autodesk Revit 2014, Build: 20131024_2115(x64)",Autodesk.Revit.DB.FamilySymbol,3e320d0c-b4dc-4712-8298-6570b9115860-000e4f1b,n/a,n/a,year,n/a,n/a,n/a,n/a,n/a,n/a,n/a,n/a,n/a,n/a,n/a,n/a,n/a,n/a,n/a,n/a,n/a,n/a,
Equip-D9787,bill.east@us.army.mil,2013-12-30T08:58:10,23-40 35 11 11: Cabinets,Cabinet-790 x 480 x 455,Fixed,n/a,n/a,n/a,n/a,n/a,n/a,year,"Autodesk Revit 2014, Build: 20131024_2115(x64)",Autodesk.Revit.DB.FamilySymbol,3e320d0c-b4dc-4712-8298-6570b9115860-000e51bb,n/a,n/a,year,n/a,n/a,n/a,n/a,n/a,n/a,n/a,n/a,n/a,n/a,n/a,n/a,n/a,n/a,n/a,n/a,n/a,n/a,
Equip-D9693,bill.east@us.army.mil,2013-12-30T08:58:10,23-40 35 11 11: Cabinets,Cabinet-780 x 480 x 455,Fixed,n/a,n/a,n/a,n/a,n/a,n/a,year,"Autodesk Revit 2014, Build: 20131024_2115(x64)",Autodesk.Revit.DB.FamilySymbol,3e320d0c-b4dc-4712-8298-6570b9115860-000e528b,n/a,n/a,year,n/a,n/a,n/a,n/a,n/a,n/a,n/a,n/a,n/a,n/a,n/a,n/a,n/a,n/a,n/a,n/a,n/a,n/a,
Equip-D9661,bill.east@us.army.mil,2013-12-30T08:58:10,23-40 35 11 11: Cabinets,Cabinet-790 x 480 x 460,Fixed,n/a,n/a,n/a,n/a,n/a,n/a,year,"Autodesk Revit 2014, Build: 20131024_2115(x64)",Autodesk.Revit.DB.FamilySymbol,3e320d0c-b4dc-4712-8298-6570b9115860-000e52e8,n/a,n/a,year,n/a,n/a,n/a,n/a,n/a,n/a,n/a,n/a,n/a,n/a,n/a,n/a,n/a,n/a,n/a,n/a,n/a,n/a,
Equip-D9836,bill.east@us.army.mil,2013-12-30T08:58:10,23-40 35 11 11: Cabinets,Cabinet-780 x 685 x 455,Fixed,n/a,n/a,n/a,n/a,n/a,n/a,year,"Autodesk Revit 2014, Build: 20131024_2115(x64)",Autodesk.Revit.DB.FamilySymbol,3e320d0c-b4dc-4712-8298-6570b9115860-000e534d,n/a,n/a,year,n/a,n/a,n/a,n/a,n/a,n/a,n/a,n/a,n/a,n/a,n/a,n/a,n/a,n/a,n/a,n/a,n/a,n/a,
Equip-D9941,bill.east@us.army.mil,2013-12-30T08:58:10,23-40 70 17 21 11: Counters and Work Surfaces,Counter Top-Laminated,Fixed,n/a,n/a,n/a,n/a,n/a,n/a,year,"Autodesk Revit 2014, Build: 20131024_2115(x64)",Autodesk.Revit.DB.FamilySymbol,3e320d0c-b4dc-4712-8298-6570b9115860-000e5386,n/a,n/a,year,n/a,n/a,n/a,n/a,n/a,n/a,n/a,n/a,n/a,n/a,n/a,n/a,n/a,n/a,n/a,n/a,n/a,n/a,
Equip-A5220,bill.east@us.army.mil,2013-12-30T08:58:10,23-85 05 17 11 11: Television Broadcasting Equipment,Wall Mounted Bracket Television,Fixed,n/a,WGWMTB1830BL,n/a,n/a,n/a,n/a,year,"Autodesk Revit 2014, Build: 20131024_2115(x64)",Autodesk.Revit.DB.FamilySymbol,7681a401-b868-457a-8161-7fb01dd98a9a-000dcd5f,n/a,n/a,year,n/a,n/a,n/a,n/a,n/a,n/a,n/a,n/a,n/a,n/a,n/a,n/a,n/a,n/a,n/a,n/a,n/a,n/a,
Door Type D,mariangelica.carrasquillo@usace.army.mil,2013-12-30T08:58:10,23-30 10: Doors,Folding Accordion Partition,Fixed,n/a,n/a,n/a,n/a,n/a,n/a,year,"Autodesk Revit 2014, Build: 20131024_2115(x64)",Autodesk.Revit.DB.FamilySymbol,c56a882c-9737-4436-9f11-0d74a908b65b-0003b6e5,n/a,10,year,n/a,45,0.915,2.135,n/a,rectangular,n/a,n/a,n/a,n/a,n/a,n/a,n/a,n/a,n/a,n/a,n/a,n/a,
Door Type H,mariangelica.carrasquillo@usace.army.mil,2013-12-30T08:58:10,23-30 10: Doors,Aluminium Storefront - 0915 x 2134mm,Fixed,n/a,n/a,n/a,n/a,n/a,n/a,year,"Autodesk Revit 2014, Build: 20131024_2115(x64)",Autodesk.Revit.DB.FamilySymbol,c56a882c-9737-4436-9f11-0d74a908b65b-0003b9bf,n/a,20,year,n/a,45,0.915,2.135,n/a,rectangular,n/a,n/a,n/a,n/a,Aluminum,n/a,n/a,n/a,n/a,n/a,n/a,n/a,
M_Curtain Wall Sgl Glass_M_Curtain Wall Sgl Glass,mariangelica.carrasquillo@usace.army.mil,2013-12-30T08:58:11,23-30 10: Doors,M_Curtain Wall Sgl Glass: M_Curtain Wall Sgl Glass,Fixed,n/a,n/a,n/a,n/a,n/a,n/a,year,"Autodesk Revit 2014, Build: 20131024_2115(x64)",Autodesk.Revit.DB.FamilySymbol,c56a882c-9737-4436-9f11-0d74a908b65b-0003bbee,n/a,n/a,year,n/a,n/a,0.915,2.335,n/a,rectangular,n/a,n/a,n/a,n/a,n/a,n/a,n/a,n/a,n/a,n/a,n/a,n/a,
Toilet Door,mariangelica.carrasquillo@usace.army.mil,2013-12-30T08:58:11,23-30 10: Doors,0865 x 1500mm,Fixed,n/a,n/a,n/a,n/a,n/a,n/a,year,"Autodesk Revit 2014, Build: 20131024_2115(x64)",Autodesk.Revit.DB.FamilySymbol,c56a882c-9737-4436-9f11-0d74a908b65b-0003d1b8,588,n/a,year,n/a,n/a,915,1500,2EHH6,rectangular,n/a,n/a,n/a,n/a,Stainless Steel,n/a,n/a,n/a,n/a,n/a,n/a,n/a,
Door Type A,mariangelica.carrasquillo@usace.army.mil,2013-12-30T08:58:11,23-30 10: Doors,Flush Solid Core Wood - 0915 x 2134mm,Fixed,n/a,n/a,n/a,n/a,n/a,n/a,year,"Autodesk Revit 2014, Build: 20131024_2115(x64)",Autodesk.Revit.DB.FamilySymbol,97486346-4c68-48fa-a846-52f5bb483733-000eab1b,n/a,15,year,n/a,45,0.915,2.135,n/a,rectangular,n/a,n/a,Solid Core,n/a,Wood,n/a,n/a,n/a,n/a,n/a,n/a,n/a,
Door Type B,mariangelica.carrasquillo@usace.army.mil,2013-12-30T08:58:11,23-30 10: Doors,Flush Solid Core Wood w/Glass - 0915 x 2134mm,Fixed,n/a,n/a,n/a,n/a,n/a,n/a,year,"Autodesk Revit 2014, Build: 20131024_2115(x64)",Autodesk.Revit.DB.FamilySymbol,97486346-4c68-48fa-a846-52f5bb483733-000eab1d,n/a,15,year,n/a,45,0.915,2.135,n/a,rectangular,n/a,n/a,Solid Core,n/a,Wood,n/a,n/a,n/a,n/a,n/a,n/a,n/a,
Door Type C,mariangelica.carrasquillo@usace.army.mil,2013-12-30T08:58:11,23-30 10: Doors,Lead Lined Flush Solid Core Wood - 0915 x 2134mm,Fixed,n/a,n/a,n/a,n/a,n/a,n/a,year,"Autodesk Revit 2014, Build: 20131024_2115(x64)",Autodesk.Revit.DB.FamilySymbol,97486346-4c68-48fa-a846-52f5bb483733-000eab1f,n/a,15,year,n/a,45,0.915,2.135,n/a,rectangular,n/a,n/a,Lead Lined Solid Core,n/a,Wood,n/a,n/a,n/a,n/a,n/a,n/a,n/a,
Door Type E,mariangelica.carrasquillo@usace.army.mil,2013-12-30T08:58:11,23-30 10: Doors,Flush Steel - 0915 x 2134mm Exterior,Fixed,n/a,n/a,n/a,n/a,n/a,n/a,year,"Autodesk Revit 2014, Build: 20131024_2115(x64)",Autodesk.Revit.DB.FamilySymbol,97486346-4c68-48fa-a846-52f5bb483733-000eab21,n/a,20,year,n/a,45,0.915,2.135,n/a,rectangular,n/a,n/a,n/a,n/a,Steel,n/a,n/a,n/a,n/a,n/a,n/a,n/a,
Door Type F,mariangelica.carrasquillo@usace.army.mil,2013-12-30T08:58:11,23-30 10: Doors,Flush Steel w/Glass - 0915 x 2134mm Exterior,Fixed,n/a,n/a,n/a,n/a,n/a,n/a,year,"Autodesk Revit 2014, Build: 20131024_2115(x64)",Autodesk.Revit.DB.FamilySymbol,97486346-4c68-48fa-a846-52f5bb483733-000eab23,n/a,20,year,n/a,45,0.915,2.135,n/a,rectangular,n/a,n/a,n/a,n/a,Steel,n/a,n/a,n/a,n/a,n/a,n/a,n/a,
Door Type A1,mariangelica.carrasquillo@usace.army.mil,2013-12-30T08:58:11,23-30 10: Doors,Flush Solid Core Wood - 0915 x 2134mm,Fixed,n/a,n/a,n/a,n/a,n/a,n/a,year,"Autodesk Revit 2014, Build: 20131024_2115(x64)",Autodesk.Revit.DB.FamilySymbol,97486346-4c68-48fa-a846-52f5bb483733-000ead12,n/a,15,year,n/a,45,0.915,2.135,n/a,rectangular,n/a,n/a,Solid Core,n/a,Wood,n/a,n/a,n/a,n/a,n/a,n/a,n/a,
Door Type E1,mariangelica.carrasquillo@usace.army.mil,2013-12-30T08:58:11,23-30 10: Doors,Flush Steel - 0915 x 2134mm Exterior,Fixed,n/a,n/a,n/a,n/a,n/a,n/a,year,"Autodesk Revit 2014, Build: 20131024_2115(x64)",Autodesk.Revit.DB.FamilySymbol,97486346-4c68-48fa-a846-52f5bb483733-000ead18,n/a,20,year,n/a,45,0.915,2.135,n/a,rectangular,n/a,n/a,n/a,n/a,Steel,n/a,n/a,n/a,n/a,n/a,n/a,n/a,
Door Type B1,mariangelica.carrasquillo@usace.army.mil,2013-12-30T08:58:11,23-30 10: Doors,Flush Solid Core Wood w/Glass - 0915 x 2134mm,Fixed,n/a,n/a,n/a,n/a,n/a,n/a,year,"Autodesk Revit 2014, Build: 20131024_2115(x64)",Autodesk.Revit.DB.FamilySymbol,51372150-39ce-4ba7-b565-b769bf09603c-000ead31,n/a,15,year,n/a,45,1.065,2.135,n/a,rectangular,n/a,n/a,Solid Core,n/a,Wood,n/a,n/a,n/a,n/a,n/a,n/a,n/a,
Door Type C1,mariangelica.carrasquillo@usace.army.mil,2013-12-30T08:58:11,23-30 10: Doors,Lead Lined Flush Solid Core Wood - 0915 x 2134mm,Fixed,n/a,n/a,n/a,n/a,n/a,n/a,year,"Autodesk Revit 2014, Build: 20131024_2115(x64)",Autodesk.Revit.DB.FamilySymbol,7fed62d3-f813-4711-aa58-3466ec61deac-000ead37,n/a,15,year,n/a,45,1.22,2.135,n/a,rectangular,n/a,n/a,Lead Lined Solid Core,n/a,Wood,n/a,n/a,n/a,n/a,n/a,n/a,n/a,
Door Type B2,mariangelica.carrasquillo@usace.army.mil,2013-12-30T08:58:11,23-30 10: Doors,Flush Solid Core Wood w/Glass - 0915 x 2134mm,Fixed,n/a,n/a,n/a,n/a,n/a,n/a,year,"Autodesk Revit 2014, Build: 20131024_2115(x64)",Autodesk.Revit.DB.FamilySymbol,c6535b56-de2a-4007-a619-20a73b66884e-000ead3d,n/a,15,year,n/a,45,0.915,2.375,n/a,rectangular,n/a,n/a,Solid Core,n/a,Wood,n/a,n/a,n/a,n/a,n/a,n/a,n/a,
Door Type E2,mariangelica.carrasquillo@usace.army.mil,2013-12-30T08:58:11,23-30 10: Doors,Flush Steel - 0915 x 2134mm Exterior,Fixed,n/a,n/a,n/a,n/a,n/a,n/a,year,"Autodesk Revit 2014, Build: 20131024_2115(x64)",Autodesk.Revit.DB.FamilySymbol,52942702-f93d-4c2c-86a3-8dd9fe3c3486-000ead55,n/a,20,year,n/a,45,1.22,2.135,n/a,rectangular,n/a,n/a,n/a,n/a,Steel,n/a,n/a,n/a,n/a,n/a,n/a,n/a,
Door Type G,mariangelica.carrasquillo@usace.army.mil,2013-12-30T08:58:11,23-30 10: Doors,Flush Steel w/Louver - 1830 x 2134mm Exterior,Fixed,n/a,n/a,n/a,n/a,n/a,n/a,year,"Autodesk Revit 2014, Build: 20131024_2115(x64)",Autodesk.Revit.DB.FamilySymbol,52942702-f93d-4c2c-86a3-8dd9fe3c3486-000ead58,n/a,20,year,n/a,45,0.915,2.135,n/a,rectangular,n/a,n/a,n/a,n/a,Steel,n/a,n/a,n/a,n/a,n/a,n/a,n/a,
Door Type G1,mariangelica.carrasquillo@usace.army.mil,2013-12-30T08:58:11,23-30 10: Doors,Flush Steel w/Louver - 1830 x 2134mm Exterior,Fixed,n/a,n/a,n/a,n/a,n/a,n/a,year,"Autodesk Revit 2014, Build: 20131024_2115(x64)",Autodesk.Revit.DB.FamilySymbol,52942702-f93d-4c2c-86a3-8dd9fe3c3486-000ead5b,n/a,20,year,n/a,45,0.76,2.135,n/a,rectangular,n/a,n/a,n/a,n/a,Steel,n/a,n/a,n/a,n/a,n/a,n/a,n/a,
M_Round Elbow_2 D,bill.east@us.army.mil,2013-12-30T08:58:11,23-33 49 00: HVAC Ductwork,M_Round Elbow: 2 D,Fixed,n/a,n/a,n/a,n/a,n/a,n/a,year,"Autodesk Revit 2014, Build: 20131024_2115(x64)",Autodesk.Revit.DB.FamilySymbol,4ec17585-c36e-4cc3-8301-61df48a06d7e-000c8a2d,n/a,n/a,year,n/a,n/a,n/a,n/a,n/a,n/a,n/a,n/a,n/a,n/a,n/a,n/a,n/a,n/a,n/a,n/a,n/a,n/a,
Radius Elbows / Taps,bill.east@us.army.mil,2013-12-30T08:58:11,23-33 49 00: HVAC Ductwork,Rectangular Duct: Radius Elbows / Taps,Fixed,n/a,n/a,n/a,n/a,n/a,n/a,year,"Autodesk Revit 2014, Build: 20131024_2115(x64)",Autodesk.Revit.DB.Mechanical.DuctType,4ec17585-c36e-4cc3-8301-61df48a06d7e-000c89af,n/a,n/a,year,n/a,n/a,n/a,n/a,n/a,n/a,n/a,n/a,n/a,n/a,n/a,n/a,n/a,n/a,n/a,n/a,n/a,n/a,
Mitered Elbows / Tees,bill.east@us.army.mil,2013-12-30T08:58:11,23-33 49 00: HVAC Ductwork,Rectangular Duct: Mitered Elbows / Tees,Fixed,n/a,n/a,n/a,n/a,n/a,n/a,year,"Autodesk Revit 2014, Build: 20131024_2115(x64)",Autodesk.Revit.DB.Mechanical.DuctType,4ec17585-c36e-4cc3-8301-61df48a06d7e-000c89b0,n/a,n/a,year,n/a,n/a,n/a,n/a,n/a,n/a,n/a,n/a,n/a,n/a,n/a,n/a,n/a,n/a,n/a,n/a,n/a,n/a,
Mitered Elbows / Taps,bill.east@us.army.mil,2013-12-30T08:58:11,23-33 49 00: HVAC Ductwork,Rectangular Duct: Mitered Elbows / Taps,Fixed,n/a,n/a,n/a,n/a,n/a,n/a,year,"Autodesk Revit 2014, Build: 20131024_2115(x64)",Autodesk.Revit.DB.Mechanical.DuctType,4ec17585-c36e-4cc3-8301-61df48a06d7e-000c89b1,n/a,n/a,year,n/a,n/a,n/a,n/a,n/a,n/a,n/a,n/a,n/a,n/a,n/a,n/a,n/a,n/a,n/a,n/a,n/a,n/a,
Taps / Short Radius,bill.east@us.army.mil,2013-12-30T08:58:11,23-33 49 00: HVAC Ductwork,Round Duct: Taps / Short Radius,Fixed,n/a,n/a,n/a,n/a,n/a,n/a,year,"Autodesk Revit 2014, Build: 20131024_2115(x64)",Autodesk.Revit.DB.Mechanical.DuctType,4ec17585-c36e-4cc3-8301-61df48a06d7e-000c89b2,n/a,n/a,year,n/a,n/a,n/a,n/a,n/a,n/a,n/a,n/a,n/a,n/a,n/a,n/a,n/a,n/a,n/a,n/a,n/a,n/a,
Oval Duct Mitered Elbows / Taps,bill.east@us.army.mil,2013-12-30T08:58:11,23-33 49 00: HVAC Ductwork,Oval Duct: Mitered Elbows / Taps,Fixed,n/a,n/a,n/a,n/a,n/a,n/a,year,"Autodesk Revit 2014, Build: 20131024_2115(x64)",Autodesk.Revit.DB.Mechanical.DuctType,4ec17585-c36e-4cc3-8301-61df48a06d7e-000c89e3,n/a,n/a,year,n/a,n/a,n/a,n/a,n/a,n/a,n/a,n/a,n/a,n/a,n/a,n/a,n/a,n/a,n/a,n/a,n/a,n/a,
Lighting and Appliance Panelboard,danielle.r.love@usace.army.mil,2013-12-30T08:58:11,23-80 30 11 17: Distribution Boards and Control Panels,225 A,Fixed,n/a,n/a,n/a,n/a,n/a,n/a,year,"Autodesk Revit 2014, Build: 20131024_2115(x64)",Autodesk.Revit.DB.FamilySymbol,4ec17585-c36e-4cc3-8301-61df48a06d7e-000c8a75,n/a,n/a,year,n/a,n/a,n/a,n/a,n/a,n/a,n/a,n/a,n/a,n/a,n/a,n/a,n/a,n/a,n/a,n/a,n/a,n/a,
Transformer Switchboard,danielle.r.love@usace.army.mil,2013-12-30T08:58:11,23-80 30 11 17: Distribution Boards and Control Panels,914mmx673mm,Fixed,n/a,n/a,n/a,n/a,n/a,n/a,year,"Autodesk Revit 2014, Build: 20131024_2115(x64)",Autodesk.Revit.DB.FamilySymbol,4ec17585-c36e-4cc3-8301-61df48a06d7e-000c8a77,n/a,n/a,year,n/a,n/a,n/a,n/a,n/a,n/a,n/a,n/a,n/a,n/a,n/a,n/a,n/a,n/a,n/a,n/a,n/a,n/a,
DirecDigitalControl-DDC-Panel,mariangelica.carrasquillo@usace.army.mil,2013-12-30T08:58:11,21-81 61 62 21: HVAC Measurement and Control Equipment,Direct Digital Control (DDC),Fixed,n/a,n/a,n/a,n/a,n/a,n/a,year,"Autodesk Revit 2014, Build: 20131024_2115(x64)",Autodesk.Revit.DB.FamilySymbol,43d51777-c541-4199-92a9-ce54ae6e63bd-000d9986,n/a,n/a,year,n/a,n/a,n/a,n/a,n/a,n/a,n/a,n/a,n/a,n/a,n/a,n/a,n/a,n/a,n/a,n/a,n/a,n/a,
Elevator-Hydraulic,mariangelica.carrasquillo@usace.army.mil,2013-12-30T08:58:11,23-50 05 11: Elevators,2000 lbs Elevator-Hydraulic,Fixed,n/a,n/a,n/a,n/a,n/a,n/a,year,"Autodesk Revit 2014, Build: 20131024_2115(x64)",Autodesk.Revit.DB.FamilySymbol,5066c989-bf60-41e6-9725-d9ab96a82932-0004a9f5,n/a,20,year,n/a,n/a,n/a,n/a,n/a,n/a,n/a,n/a,n/a,n/a,n/a,n/a,n/a,n/a,n/a,n/a,n/a,n/a,
Duplex Receptacle- GFCI,danielle.r.love@usace.army.mil,2013-12-30T08:58:11,23-80 50 11 17: Ground Fault Receptacles,GFCI,Fixed,n/a,n/a,n/a,n/a,n/a,n/a,year,"Autodesk Revit 2014, Build: 20131024_2115(x64)",Autodesk.Revit.DB.FamilySymbol,4ec17585-c36e-4cc3-8301-61df48a06d7e-000c8a6c,n/a,n/a,year,n/a,24.89,31.75,106.68,2095W,Traditional,n/a,White,Nylon,n/a,n/a,n/a,n/a,n/a,FSUL Listed (Federal Specification WC596); UL943C22.2No144; UL498C22.2No.42,n/a,n/a,n/a,
Duplex Receptacle,danielle.r.love@usace.army.mil,2013-12-30T08:58:11,23-80 50 11 17: Ground Fault Receptacles,Standard,Fixed,n/a,n/a,n/a,n/a,n/a,n/a,year,"Autodesk Revit 2014, Build: 20131024_2115(x64)",Autodesk.Revit.DB.FamilySymbol,4ec17585-c36e-4cc3-8301-61df48a06d7e-000c8a6e,n/a,n/a,year,n/a,19.812,33.579,83.337,8200HI,Traditional,n/a,Ivory,Nylon,n/a,n/a,n/a,n/a,n/a,FSUL Listed (Federal Specification WC596); UL498; CSA-C22.2No.42,n/a,n/a,n/a,
Equip-D3320,bill.east@us.army.mil,2013-12-30T08:58:11,23-40 20 14 14 11: Chairs,Chair with Unit Mount,Fixed,n/a,n/a,n/a,n/a,n/a,n/a,year,"Autodesk Revit 2014, Build: 20131024_2115(x64)",Autodesk.Revit.DB.FamilySymbol,f9610ed6-2aee-4749-ae75-18f7d35bbd3a-000dc9c1,n/a,n/a,year,n/a,n/a,n/a,n/a,n/a,n/a,n/a,n/a,n/a,n/a,n/a,n/a,n/a,n/a,n/a,n/a,n/a,n/a,
Equip-D3380,bill.east@us.army.mil,2013-12-30T08:58:11,23-40 20 14 14 17: Stools,Operating Stool,Fixed,n/a,n/a,n/a,n/a,n/a,n/a,year,"Autodesk Revit 2014, Build: 20131024_2115(x64)",Autodesk.Revit.DB.FamilySymbol,7681a401-b868-457a-8161-7fb01dd98a9a-000dd68a,n/a,n/a,year,n/a,n/a,n/a,n/a,n/a,n/a,n/a,n/a,n/a,n/a,n/a,n/a,n/a,n/a,n/a,n/a,n/a,n/a,
Equip-D3390,bill.east@us.army.mil,2013-12-30T08:58:11,23-40 20 14 14 17: Stools,Operating Stool,Fixed,n/a,n/a,n/a,n/a,n/a,n/a,year,"Autodesk Revit 2014, Build: 20131024_2115(x64)",Autodesk.Revit.DB.FamilySymbol,7681a401-b868-457a-8161-7fb01dd98a9a-000dd777,n/a,n/a,year,n/a,n/a,n/a,n/a,n/a,n/a,n/a,n/a,n/a,n/a,n/a,n/a,n/a,n/a,n/a,n/a,n/a,n/a,
Equip-X8800,bill.east@us.army.mil,2013-12-30T08:58:11,23-40 10 14 24 17: Illuminated Signs,Illuminator-Portable,Fixed,n/a,n/a,n/a,n/a,n/a,n/a,year,"Autodesk Revit 2014, Build: 20131024_2115(x64)",Autodesk.Revit.DB.FamilySymbol,98f4af2a-3f50-40a6-b11a-2de85af976fc-000e5917,n/a,n/a,year,n/a,n/a,n/a,n/a,n/a,n/a,n/a,n/a,n/a,n/a,n/a,n/a,n/a,n/a,n/a,n/a,n/a,n/a,
Equip-A5145,bill.east@us.army.mil,2013-12-30T08:58:11,23-40 20 21 31: Robe Hooks,2 Prong Robe Hook,Fixed,n/a,YH990#CP,n/a,n/a,n/a,n/a,year,"Autodesk Revit 2014, Build: 20131024_2115(x64)",Autodesk.Revit.DB.FamilySymbol,7681a401-b868-457a-8161-7fb01dd98a9a-000dd3a6,n/a,n/a,year,n/a,n/a,n/a,n/a,n/a,n/a,n/a,n/a,n/a,n/a,n/a,n/a,n/a,n/a,n/a,n/a,n/a,n/a,
Defibrillator,danielle.r.love@usace.army.mil,2013-12-30T08:58:11,23-40 70 11 14 11 17: Patient Care Equipment,Defibrillator,Moveable,n/a,n/a,n/a,n/a,n/a,n/a,year,"Autodesk Revit 2014, Build: 20131024_2115(x64)",Autodesk.Revit.DB.FamilySymbol,f99e071f-a5c8-4f72-b55c-305ae10334b1-000df08c,n/a,n/a,year,n/a,n/a,n/a,n/a,n/a,n/a,n/a,n/a,n/a,n/a,n/a,n/a,n/a,n/a,n/a,n/a,n/a,n/a,
Light Switch- Three Way,danielle.r.love@usace.army.mil,2013-12-30T08:58:11,23-80 50 11 14: Switches,Three Way,Fixed,n/a,n/a,n/a,n/a,n/a,n/a,year,"Autodesk Revit 2014, Build: 20131024_2115(x64)",Autodesk.Revit.DB.FamilySymbol,4ec17585-c36e-4cc3-8301-61df48a06d7e-000c8a70,n/a,n/a,year,n/a,n/a,n/a,n/a,n/a,n/a,n/a,n/a,n/a,n/a,n/a,n/a,n/a,n/a,n/a,n/a,n/a,n/a,
Light Switch,danielle.r.love@usace.army.mil,2013-12-30T08:58:11,23.80.50.11.14: Switches,Single Pole,Fixed,n/a,n/a,n/a,n/a,n/a,n/a,year,"Autodesk Revit 2014, Build: 20131024_2115(x64)",Autodesk.Revit.DB.FamilySymbol,4ec17585-c36e-4cc3-8301-61df48a06d7e-000c8a72,n/a,n/a,year,n/a,27.2542,33.258,83.3374,PS15AC1CSL,Traditional,n/a,Clear,Nylon,Industrial Heavy-Duty,n/a,n/a,Heavy-gauge one-piece copper alloy contact arm virtually eliminates contact bounce; Cam controls fast “make” and positive “break” to minimize arcing; Heavy-duty bumper pads for quiet operation; High strength thermoplastic polycarbonate toggle; Back body made of glass-reinforced nylon; Locking support provides resistance to face and back body separation; Oversized silver alloy contacts for long life and better heat dissipation; Grounding terminal is standard; Shallow design for ease of installation; Strap nickel-plated steel with integral ground; Auto-ground clip assures positive ground.,n/a,"FSUL Listed (Federal Specification WS896); UL20, CSA-C22.2 111",n/a,n/a,n/a,
Light Fixture LV,danielle.r.love@usace.army.mil,2013-12-30T08:58:11,23-80 70 11 14 11: Downlights,Recessed Halogen Down Light,Fixed,n/a,n/a,n/a,n/a,n/a,n/a,year,"Autodesk Revit 2014, Build: 20131024_2115(x64)",Autodesk.Revit.DB.FamilySymbol,4ec17585-c36e-4cc3-8301-61df48a06d7e-000c8a66,n/a,n/a,year,n/a,n/a,n/a,n/a,n/a,n/a,n/a,n/a,n/a,n/a,n/a,n/a,n/a,n/a,n/a,n/a,n/a,n/a,
Light Fixture Q4B,danielle.r.love@usace.army.mil,2013-12-30T08:58:11,"23-80 70 11 11: General Luminaries, Non Directional",4100mm Two Lamp Strip with Wire Guard with Emergency Battery Pack,Fixed,n/a,n/a,n/a,n/a,n/a,n/a,year,"Autodesk Revit 2014, Build: 20131024_2115(x64)",Autodesk.Revit.DB.FamilySymbol,4ec17585-c36e-4cc3-8301-61df48a06d7e-000c8a67,n/a,n/a,year,n/a,n/a,n/a,n/a,n/a,n/a,n/a,n/a,n/a,n/a,n/a,n/a,n/a,n/a,n/a,n/a,n/a,n/a,
Light Fixture P1,danielle.r.love@usace.army.mil,2013-12-30T08:58:11,"23-80 70 11 11: General Luminaries, Non Directional",Linear Fluorescent Up Light,Fixed,n/a,n/a,n/a,n/a,n/a,n/a,year,"Autodesk Revit 2014, Build: 20131024_2115(x64)",Autodesk.Revit.DB.FamilySymbol,4ec17585-c36e-4cc3-8301-61df48a06d7e-000c8a68,n/a,n/a,year,n/a,n/a,n/a,n/a,n/a,n/a,n/a,n/a,n/a,n/a,n/a,n/a,n/a,n/a,n/a,n/a,n/a,n/a,
Light Fixture T1,danielle.r.love@usace.army.mil,2013-12-30T08:58:11,"23-80 70 11 11: General Luminaries, Non Directional",Linear Fluorescent Wall Mounted Up Light,Fixed,n/a,n/a,n/a,n/a,n/a,n/a,year,"Autodesk Revit 2014, Build: 20131024_2115(x64)",Autodesk.Revit.DB.FamilySymbol,4ec17585-c36e-4cc3-8301-61df48a06d7e-000c8a69,n/a,n/a,year,n/a,n/a,n/a,n/a,n/a,n/a,n/a,n/a,n/a,n/a,n/a,n/a,n/a,n/a,n/a,n/a,n/a,n/a,
Light Fixture A3,danielle.r.love@usace.army.mil,2013-12-30T08:58:11,23-80 70 11 14 11: Downlights,600mm X 4100mm Flourescent Troffer with Emergency Battery Pack,Fixed,n/a,n/a,n/a,n/a,n/a,n/a,year,"Autodesk Revit 2014, Build: 20131024_2115(x64)",Autodesk.Revit.DB.FamilySymbol,4ec17585-c36e-4cc3-8301-61df48a06d7e-000c8a6a,n/a,n/a,year,n/a,n/a,n/a,n/a,n/a,n/a,n/a,n/a,n/a,n/a,n/a,n/a,n/a,n/a,n/a,n/a,n/a,n/a,
Light Fixture B3,danielle.r.love@usace.army.mil,2013-12-30T08:58:12,23-80 70 11 14 11: Downlights,600mm X 600mm Fluorescent Troffer (U Shaped),Fixed,n/a,n/a,n/a,n/a,n/a,n/a,year,"Autodesk Revit 2014, Build: 20131024_2115(x64)",Autodesk.Revit.DB.FamilySymbol,4ec17585-c36e-4cc3-8301-61df48a06d7e-000c8a6b,n/a,n/a,year,n/a,n/a,n/a,n/a,n/a,n/a,n/a,n/a,n/a,n/a,n/a,n/a,n/a,n/a,n/a,n/a,n/a,n/a,
Light Fixture E1,danielle.r.love@usace.army.mil,2013-12-30T08:58:12,"23-80 70 11 11: General Luminaries, Non Directional",4100mm Surface Mounted Up Light,Fixed,n/a,n/a,n/a,n/a,n/a,n/a,year,"Autodesk Revit 2014, Build: 20131024_2115(x64)",Autodesk.Revit.DB.FamilySymbol,4ec17585-c36e-4cc3-8301-61df48a06d7e-000c8a74,n/a,n/a,year,n/a,n/a,n/a,n/a,n/a,n/a,n/a,n/a,n/a,n/a,n/a,n/a,n/a,n/a,n/a,n/a,n/a,n/a,
Light Fixture Q4,danielle.r.love@usace.army.mil,2013-12-30T08:58:12,"23-80 70 11 11: General Luminaries, Non Directional",4100mm Two Lamp Strip with Wire Guard,Fixed,n/a,n/a,n/a,n/a,n/a,n/a,year,"Autodesk Revit 2014, Build: 20131024_2115(x64)",Autodesk.Revit.DB.FamilySymbol,67fda517-a3a9-4a2b-8241-052854d9873e-000d72c6,n/a,n/a,year,n/a,n/a,n/a,n/a,n/a,n/a,n/a,n/a,n/a,n/a,n/a,n/a,n/a,n/a,n/a,n/a,n/a,n/a,
Light Fixture M175,danielle.r.love@usace.army.mil,2013-12-30T08:58:12,23-80 70 11 14 11: Downlights,Surface Mounted Metal Halide,Fixed,n/a,n/a,n/a,n/a,n/a,n/a,year,"Autodesk Revit 2014, Build: 20131024_2115(x64)",Autodesk.Revit.DB.FamilySymbol,faa5e7c9-45b0-4039-8213-c2804611b072-000e062f,n/a,n/a,year,n/a,n/a,n/a,n/a,n/a,n/a,n/a,n/a,n/a,n/a,n/a,n/a,n/a,n/a,n/a,n/a,n/a,n/a,
Light Fixture M250,danielle.r.love@usace.army.mil,2013-12-30T08:58:12,23-80 70 11 14 11: Downlights,Surface Mounted Metal Halide,Fixed,n/a,n/a,n/a,n/a,n/a,n/a,year,"Autodesk Revit 2014, Build: 20131024_2115(x64)",Autodesk.Revit.DB.FamilySymbol,faa5e7c9-45b0-4039-8213-c2804611b072-000e0631,n/a,n/a,year,n/a,n/a,n/a,n/a,n/a,n/a,n/a,n/a,n/a,n/a,n/a,n/a,n/a,n/a,n/a,n/a,n/a,n/a,
Light Fixture S,danielle.r.love@usace.army.mil,2013-12-30T08:58:12,23-80 70 11 14 11: Downlights,Recessed Incandescent Down Light,Fixed,n/a,n/a,n/a,n/a,n/a,n/a,year,"Autodesk Revit 2014, Build: 20131024_2115(x64)",Autodesk.Revit.DB.FamilySymbol,faa5e7c9-45b0-4039-8213-c2804611b072-000e0633,n/a,n/a,year,n/a,n/a,n/a,n/a,n/a,n/a,n/a,n/a,n/a,n/a,n/a,n/a,n/a,n/a,n/a,n/a,n/a,n/a,
Light Fixture SA,danielle.r.love@usace.army.mil,2013-12-30T08:58:12,"23-80 70 11 11: General Luminaries, Non Directional",152mm Recessed Fluorescent Shower Light,Fixed,n/a,n/a,n/a,n/a,n/a,n/a,year,"Autodesk Revit 2014, Build: 20131024_2115(x64)",Autodesk.Revit.DB.FamilySymbol,faa5e7c9-45b0-4039-8213-c2804611b072-000e0635,n/a,n/a,year,n/a,n/a,n/a,n/a,n/a,n/a,n/a,n/a,n/a,n/a,n/a,n/a,n/a,n/a,n/a,n/a,n/a,n/a,
Light Fixture SB,danielle.r.love@usace.army.mil,2013-12-30T08:58:12,23-80 70 11 14 11: Downlights,102mm Recessed Fluorescent Down Light,Fixed,n/a,n/a,n/a,n/a,n/a,n/a,year,"Autodesk Revit 2014, Build: 20131024_2115(x64)",Autodesk.Revit.DB.FamilySymbol,faa5e7c9-45b0-4039-8213-c2804611b072-000e0637,n/a,n/a,year,n/a,n/a,n/a,n/a,n/a,n/a,n/a,n/a,n/a,n/a,n/a,n/a,n/a,n/a,n/a,n/a,n/a,n/a,
Light Fixture SBB,danielle.r.love@usace.army.mil,2013-12-30T08:58:12,23-80 70 11 14 11: Downlights,102mm Recessed Fluorescent Down Light with Emergency Battery Pack,Fixed,n/a,n/a,n/a,n/a,n/a,n/a,year,"Autodesk Revit 2014, Build: 20131024_2115(x64)",Autodesk.Revit.DB.FamilySymbol,faa5e7c9-45b0-4039-8213-c2804611b072-000e0639,n/a,n/a,year,n/a,n/a,n/a,n/a,n/a,n/a,n/a,n/a,n/a,n/a,n/a,n/a,n/a,n/a,n/a,n/a,n/a,n/a,
Light Fixture SC,danielle.r.love@usace.army.mil,2013-12-30T08:58:12,23-80 70 11 14 11: Downlights,213mm Recessed Compact Fluorescent Down Light,Fixed,n/a,n/a,n/a,n/a,n/a,n/a,year,"Autodesk Revit 2014, Build: 20131024_2115(x64)",Autodesk.Revit.DB.FamilySymbol,faa5e7c9-45b0-4039-8213-c2804611b072-000e063b,n/a,n/a,year,n/a,n/a,n/a,n/a,n/a,n/a,n/a,n/a,n/a,n/a,n/a,n/a,n/a,n/a,n/a,n/a,n/a,n/a,
Light Fixture SCB,danielle.r.love@usace.army.mil,2013-12-30T08:58:12,23-80 70 11 14 11: Downlights,213mm Recessed Compact Fluorescent Down Light with Emergency Battery Pack,Fixed,n/a,n/a,n/a,n/a,n/a,n/a,year,"Autodesk Revit 2014, Build: 20131024_2115(x64)",Autodesk.Revit.DB.FamilySymbol,faa5e7c9-45b0-4039-8213-c2804611b072-000e063d,n/a,n/a,year,n/a,n/a,n/a,n/a,n/a,n/a,n/a,n/a,n/a,n/a,n/a,n/a,n/a,n/a,n/a,n/a,n/a,n/a,
Light Fixture SD,danielle.r.love@usace.army.mil,2013-12-30T08:58:12,23-80 70 11 14 11: Downlights,213mm Recessed Compact Fluorescent Down Light,Fixed,n/a,n/a,n/a,n/a,n/a,n/a,year,"Autodesk Revit 2014, Build: 20131024_2115(x64)",Autodesk.Revit.DB.FamilySymbol,faa5e7c9-45b0-4039-8213-c2804611b072-000e063f,n/a,n/a,year,n/a,n/a,n/a,n/a,n/a,n/a,n/a,n/a,n/a,n/a,n/a,n/a,n/a,n/a,n/a,n/a,n/a,n/a,
Light Fixture SDB,danielle.r.love@usace.army.mil,2013-12-30T08:58:12,23-80 70 11 14 11: Downlights,213mm Recessed Compact Fluorescent Down Light with Emergency Battery Pack,Fixed,n/a,n/a,n/a,n/a,n/a,n/a,year,"Autodesk Revit 2014, Build: 20131024_2115(x64)",Autodesk.Revit.DB.FamilySymbol,faa5e7c9-45b0-4039-8213-c2804611b072-000e0641,n/a,n/a,year,n/a,n/a,n/a,n/a,n/a,n/a,n/a,n/a,n/a,n/a,n/a,n/a,n/a,n/a,n/a,n/a,n/a,n/a,
Light Fixture SE,danielle.r.love@usace.army.mil,2013-12-30T08:58:12,23-80 70 11 14 11: Downlights,213mm Recessed Compact Fluorescent Down Light,Fixed,n/a,n/a,n/a,n/a,n/a,n/a,year,"Autodesk Revit 2014, Build: 20131024_2115(x64)",Autodesk.Revit.DB.FamilySymbol,faa5e7c9-45b0-4039-8213-c2804611b072-000e0643,n/a,n/a,year,n/a,n/a,n/a,n/a,n/a,n/a,n/a,n/a,n/a,n/a,n/a,n/a,n/a,n/a,n/a,n/a,n/a,n/a,
Light Fixture X1,danielle.r.love@usace.army.mil,2013-12-30T08:58:12,23-80 70 17 14: Illuminated Signs/Boards,Single Face Ceiling Mounted LED Exit Light,Fixed,n/a,n/a,n/a,n/a,n/a,n/a,year,"Autodesk Revit 2014, Build: 20131024_2115(x64)",Autodesk.Revit.DB.FamilySymbol,faa5e7c9-45b0-4039-8213-c2804611b072-000e0645,n/a,n/a,year,n/a,n/a,n/a,n/a,n/a,n/a,n/a,n/a,n/a,n/a,n/a,n/a,n/a,n/a,n/a,n/a,n/a,n/a,
Light Fixture Y1,danielle.r.love@usace.army.mil,2013-12-30T08:58:12,23-80 70 11 17: Specialized Lighting by Location or Use,"Recessed ""Darkroom in Use"" Fixture",Fixed,n/a,n/a,n/a,n/a,n/a,n/a,year,"Autodesk Revit 2014, Build: 20131024_2115(x64)",Autodesk.Revit.DB.FamilySymbol,faa5e7c9-45b0-4039-8213-c2804611b072-000e0647,n/a,n/a,year,n/a,n/a,n/a,n/a,n/a,n/a,n/a,n/a,n/a,n/a,n/a,n/a,n/a,n/a,n/a,n/a,n/a,n/a,
Light Fixture R1,danielle.r.love@usace.army.mil,2013-12-30T08:58:12,"23-80 70 11 11: General Luminaries, Non Directional",305mm X 4100mm (Normal) Fluorescent Toffer,Fixed,n/a,n/a,n/a,n/a,n/a,n/a,year,"Autodesk Revit 2014, Build: 20131024_2115(x64)",Autodesk.Revit.DB.FamilySymbol,faa5e7c9-45b0-4039-8213-c2804611b072-000e0649,n/a,n/a,year,n/a,n/a,n/a,n/a,n/a,n/a,n/a,n/a,n/a,n/a,n/a,n/a,n/a,n/a,n/a,n/a,n/a,n/a,
Light Fixture C1,danielle.r.love@usace.army.mil,2013-12-30T08:58:12,"23-80 70 11 11: General Luminaries, Non Directional",600mm X 4100mm Flourescent Troffer,Fixed,n/a,n/a,n/a,n/a,n/a,n/a,year,"Autodesk Revit 2014, Build: 20131024_2115(x64)",Autodesk.Revit.DB.FamilySymbol,f44fd959-a3d1-4daa-ac1f-485561cda909-000e064b,n/a,n/a,year,n/a,n/a,n/a,n/a,n/a,n/a,n/a,n/a,n/a,n/a,n/a,n/a,n/a,n/a,n/a,n/a,n/a,n/a,
Light Fixture C18,danielle.r.love@usace.army.mil,2013-12-30T08:58:12,"23-80 70 11 11: General Luminaries, Non Directional",600mm X 4100mm Flourescent Troffer with 85 Color Rendering Lamps,Fixed,n/a,n/a,n/a,n/a,n/a,n/a,year,"Autodesk Revit 2014, Build: 20131024_2115(x64)",Autodesk.Revit.DB.FamilySymbol,f44fd959-a3d1-4daa-ac1f-485561cda909-000e064d,n/a,n/a,year,n/a,n/a,n/a,n/a,n/a,n/a,n/a,n/a,n/a,n/a,n/a,n/a,n/a,n/a,n/a,n/a,n/a,n/a,
Light Fixture C18B,danielle.r.love@usace.army.mil,2013-12-30T08:58:12,"23-80 70 11 11: General Luminaries, Non Directional",600mm X 4100mm Flourescent Troffer with 85 Color Rendering Lamps and Emergency Battery Pack,Fixed,n/a,n/a,n/a,n/a,n/a,n/a,year,"Autodesk Revit 2014, Build: 20131024_2115(x64)",Autodesk.Revit.DB.FamilySymbol,f44fd959-a3d1-4daa-ac1f-485561cda909-000e064f,n/a,n/a,year,n/a,n/a,n/a,n/a,n/a,n/a,n/a,n/a,n/a,n/a,n/a,n/a,n/a,n/a,n/a,n/a,n/a,n/a,
Light Fixture C1B,danielle.r.love@usace.army.mil,2013-12-30T08:58:12,"23-80 70 11 11: General Luminaries, Non Directional",600mm X 4100mm Flourescent Troffer with Emergency Battery Pack,Fixed,n/a,n/a,n/a,n/a,n/a,n/a,year,"Autodesk Revit 2014, Build: 20131024_2115(x64)",Autodesk.Revit.DB.FamilySymbol,f44fd959-a3d1-4daa-ac1f-485561cda909-000e0651,n/a,n/a,year,n/a,n/a,n/a,n/a,n/a,n/a,n/a,n/a,n/a,n/a,n/a,n/a,n/a,n/a,n/a,n/a,n/a,n/a,
Light Fixture C1D,danielle.r.love@usace.army.mil,2013-12-30T08:58:12,"23-80 70 11 11: General Luminaries, Non Directional",600mm X 4100mm Flourescent Troffer with Dimming Ballast,Fixed,n/a,n/a,n/a,n/a,n/a,n/a,year,"Autodesk Revit 2014, Build: 20131024_2115(x64)",Autodesk.Revit.DB.FamilySymbol,f44fd959-a3d1-4daa-ac1f-485561cda909-000e0653,n/a,n/a,year,n/a,n/a,n/a,n/a,n/a,n/a,n/a,n/a,n/a,n/a,n/a,n/a,n/a,n/a,n/a,n/a,n/a,n/a,
Light Fixture D18,danielle.r.love@usace.army.mil,2013-12-30T08:58:12,"23-80 70 11 11: General Luminaries, Non Directional",610mm X 4100mm Recesses Troffer,Fixed,n/a,n/a,n/a,n/a,n/a,n/a,year,"Autodesk Revit 2014, Build: 20131024_2115(x64)",Autodesk.Revit.DB.FamilySymbol,f44fd959-a3d1-4daa-ac1f-485561cda909-000e0655,n/a,n/a,year,n/a,n/a,n/a,n/a,n/a,n/a,n/a,n/a,n/a,n/a,n/a,n/a,n/a,n/a,n/a,n/a,n/a,n/a,
Light Fixture E2,danielle.r.love@usace.army.mil,2013-12-30T08:58:12,"23-80 70 11 11: General Luminaries, Non Directional",610mm Surface Mounted Down Light,Fixed,n/a,n/a,n/a,n/a,n/a,n/a,year,"Autodesk Revit 2014, Build: 20131024_2115(x64)",Autodesk.Revit.DB.FamilySymbol,7ce29219-0fc5-4ad4-8349-ed0cc10bbcae-000e0657,n/a,n/a,year,n/a,n/a,n/a,n/a,n/a,n/a,n/a,n/a,n/a,n/a,n/a,n/a,n/a,n/a,n/a,n/a,n/a,n/a,
Light Fixture M400,danielle.r.love@usace.army.mil,2013-12-30T08:58:12,23-80 70 11 14 11: Downlights,Surface Mounted Metal Halide,Fixed,n/a,n/a,n/a,n/a,n/a,n/a,year,"Autodesk Revit 2014, Build: 20131024_2115(x64)",Autodesk.Revit.DB.FamilySymbol,7ce29219-0fc5-4ad4-8349-ed0cc10bbcae-000e0659,n/a,n/a,year,n/a,n/a,n/a,n/a,n/a,n/a,n/a,n/a,n/a,n/a,n/a,n/a,n/a,n/a,n/a,n/a,n/a,n/a,
Light Fixture Q1,danielle.r.love@usace.army.mil,2013-12-30T08:58:12,"23-80 70 11 11: General Luminaries, Non Directional",4100mm Single Lamp Strip with Wire Guard,Fixed,n/a,n/a,n/a,n/a,n/a,n/a,year,"Autodesk Revit 2014, Build: 20131024_2115(x64)",Autodesk.Revit.DB.FamilySymbol,7ce29219-0fc5-4ad4-8349-ed0cc10bbcae-000e065b,n/a,n/a,year,n/a,n/a,n/a,n/a,n/a,n/a,n/a,n/a,n/a,n/a,n/a,n/a,n/a,n/a,n/a,n/a,n/a,n/a,
Light Fixture Y2,danielle.r.love@usace.army.mil,2013-12-30T08:58:12,23-80 70 11 17: Specialized Lighting by Location or Use,Ceiling Mounted Darkroom Safe Fixture,Fixed,n/a,n/a,n/a,n/a,n/a,n/a,year,"Autodesk Revit 2014, Build: 20131024_2115(x64)",Autodesk.Revit.DB.FamilySymbol,7ce29219-0fc5-4ad4-8349-ed0cc10bbcae-000e065d,n/a,n/a,year,n/a,n/a,n/a,n/a,n/a,n/a,n/a,n/a,n/a,n/a,n/a,n/a,n/a,n/a,n/a,n/a,n/a,n/a,
Light Fixture A2,danielle.r.love@usace.army.mil,2013-12-30T08:58:12,23-80 70 11 14 11: Downlights,610mm X 1219mm Recessed Troffer,Fixed,n/a,n/a,n/a,n/a,n/a,n/a,year,"Autodesk Revit 2014, Build: 20131024_2115(x64)",Autodesk.Revit.DB.FamilySymbol,7ce29219-0fc5-4ad4-8349-ed0cc10bbcae-000e065f,n/a,n/a,year,n/a,n/a,n/a,n/a,n/a,n/a,n/a,n/a,n/a,n/a,n/a,n/a,n/a,n/a,n/a,n/a,n/a,n/a,
Light Fixture A28,danielle.r.love@usace.army.mil,2013-12-30T08:58:12,23-80 70 11 14 11: Downlights,600mm X 4100mm Flourescent Troffer,Fixed,n/a,n/a,n/a,n/a,n/a,n/a,year,"Autodesk Revit 2014, Build: 20131024_2115(x64)",Autodesk.Revit.DB.FamilySymbol,7ce29219-0fc5-4ad4-8349-ed0cc10bbcae-000e0661,n/a,n/a,year,n/a,n/a,n/a,n/a,n/a,n/a,n/a,n/a,n/a,n/a,n/a,n/a,n/a,n/a,n/a,n/a,n/a,n/a,
Light Fixture A2B,danielle.r.love@usace.army.mil,2013-12-30T08:58:12,23-80 70 11 14 11: Downlights,610mm X 1219mm Recessed Troffer with Emergency Battery Pack,Fixed,n/a,n/a,n/a,n/a,n/a,n/a,year,"Autodesk Revit 2014, Build: 20131024_2115(x64)",Autodesk.Revit.DB.FamilySymbol,7ce29219-0fc5-4ad4-8349-ed0cc10bbcae-000e0663,n/a,n/a,year,n/a,n/a,n/a,n/a,n/a,n/a,n/a,n/a,n/a,n/a,n/a,n/a,n/a,n/a,n/a,n/a,n/a,n/a,
Light Fixture B1,danielle.r.love@usace.army.mil,2013-12-30T08:58:12,23-80 70 11 14 11: Downlights,"0600x4100mm Troffer with 32 Cell, 78mm Deep",Fixed,n/a,n/a,n/a,n/a,n/a,n/a,year,"Autodesk Revit 2014, Build: 20131024_2115(x64)",Autodesk.Revit.DB.FamilySymbol,7ce29219-0fc5-4ad4-8349-ed0cc10bbcae-000e0665,n/a,n/a,year,n/a,n/a,n/a,n/a,n/a,n/a,n/a,n/a,n/a,n/a,n/a,n/a,n/a,n/a,n/a,n/a,n/a,n/a,
Light Fixture B18,danielle.r.love@usace.army.mil,2013-12-30T08:58:12,23-80 70 11 14 11: Downlights,"0600x4100mm Troffer with 32 Cell, 78mm Deep with 85 Color Rendering Lamps",Fixed,n/a,n/a,n/a,n/a,n/a,n/a,year,"Autodesk Revit 2014, Build: 20131024_2115(x64)",Autodesk.Revit.DB.FamilySymbol,7ce29219-0fc5-4ad4-8349-ed0cc10bbcae-000e0667,n/a,n/a,year,n/a,n/a,n/a,n/a,n/a,n/a,n/a,n/a,n/a,n/a,n/a,n/a,n/a,n/a,n/a,n/a,n/a,n/a,
Light Fixture B1B,danielle.r.love@usace.army.mil,2013-12-30T08:58:12,23-80 70 11 14 11: Downlights,"0600x4100mm Troffer with 32 Cell, 78mm Deep with Emergency Battery Pack",Fixed,n/a,n/a,n/a,n/a,n/a,n/a,year,"Autodesk Revit 2014, Build: 20131024_2115(x64)",Autodesk.Revit.DB.FamilySymbol,7ce29219-0fc5-4ad4-8349-ed0cc10bbcae-000e0669,n/a,n/a,year,n/a,n/a,n/a,n/a,n/a,n/a,n/a,n/a,n/a,n/a,n/a,n/a,n/a,n/a,n/a,n/a,n/a,n/a,
Light Fixture B1D,danielle.r.love@usace.army.mil,2013-12-30T08:58:12,23-80 70 11 14 11: Downlights,"0600x4100mm Troffer with 32 Cell, 78mm Deep with Dimming Ballast",Fixed,n/a,n/a,n/a,n/a,n/a,n/a,year,"Autodesk Revit 2014, Build: 20131024_2115(x64)",Autodesk.Revit.DB.FamilySymbol,7ce29219-0fc5-4ad4-8349-ed0cc10bbcae-000e066b,n/a,n/a,year,n/a,n/a,n/a,n/a,n/a,n/a,n/a,n/a,n/a,n/a,n/a,n/a,n/a,n/a,n/a,n/a,n/a,n/a,
Light Fixture B3B,danielle.r.love@usace.army.mil,2013-12-30T08:58:12,23-80 70 11 14 11: Downlights,600mm X 600mm Fluorescent Troffer (U Shaped) with Emergency Battery Pack,Fixed,n/a,n/a,n/a,n/a,n/a,n/a,year,"Autodesk Revit 2014, Build: 20131024_2115(x64)",Autodesk.Revit.DB.FamilySymbol,7ce29219-0fc5-4ad4-8349-ed0cc10bbcae-000e066d,n/a,n/a,year,n/a,n/a,n/a,n/a,n/a,n/a,n/a,n/a,n/a,n/a,n/a,n/a,n/a,n/a,n/a,n/a,n/a,n/a,
Light Fixture B3D,danielle.r.love@usace.army.mil,2013-12-30T08:58:12,23-80 70 11 14 11: Downlights,600mm X 600mm Fluorescent Troffer (U Shaped) with Dimming Ballast,Fixed,n/a,n/a,n/a,n/a,n/a,n/a,year,"Autodesk Revit 2014, Build: 20131024_2115(x64)",Autodesk.Revit.DB.FamilySymbol,7ce29219-0fc5-4ad4-8349-ed0cc10bbcae-000e066f,n/a,n/a,year,n/a,n/a,n/a,n/a,n/a,n/a,n/a,n/a,n/a,n/a,n/a,n/a,n/a,n/a,n/a,n/a,n/a,n/a,
Light Fixture B3BD,danielle.r.love@usace.army.mil,2013-12-30T08:58:12,23-80 70 11 14 11: Downlights,600mm X 600mm Fluorescent Troffer (U Shaped) with Dimming Ballast and Emergency Battery Pack,Fixed,n/a,n/a,n/a,n/a,n/a,n/a,year,"Autodesk Revit 2014, Build: 20131024_2115(x64)",Autodesk.Revit.DB.FamilySymbol,7ce29219-0fc5-4ad4-8349-ed0cc10bbcae-000e0671,n/a,n/a,year,n/a,n/a,n/a,n/a,n/a,n/a,n/a,n/a,n/a,n/a,n/a,n/a,n/a,n/a,n/a,n/a,n/a,n/a,
Pump- Hot Water,danielle.r.love@usace.army.mil,2013-12-30T08:58:12,23-60 30 21: Pumps,"Line Mounted, Centrifugal, Constant Valume",Fixed,n/a,n/a,n/a,n/a,n/a,n/a,year,"Autodesk Revit 2014, Build: 20131024_2115(x64)",Autodesk.Revit.DB.FamilySymbol,4ec17585-c36e-4cc3-8301-61df48a06d7e-000c89f0,n/a,n/a,year,n/a,n/a,n/a,n/a,n/a,n/a,n/a,n/a,n/a,n/a,n/a,n/a,n/a,n/a,n/a,n/a,n/a,n/a,
VAV 150 mm,danielle.r.love@usace.army.mil,2013-12-30T08:58:12,23-75 70 21 24 14: Variable Volume Air Terminal Units,150 mm,Fixed,n/a,n/a,n/a,n/a,n/a,n/a,year,"Autodesk Revit 2014, Build: 20131024_2115(x64)",Autodesk.Revit.DB.FamilySymbol,4ec17585-c36e-4cc3-8301-61df48a06d7e-000c89f5,n/a,n/a,year,n/a,n/a,n/a,n/a,n/a,n/a,n/a,n/a,n/a,n/a,n/a,n/a,n/a,n/a,n/a,n/a,n/a,n/a,
VAV 200 mm,danielle.r.love@usace.army.mil,2013-12-30T08:58:12,23-75 70 21 24 14: Variable Volume Air Terminal Units,200 mm,Fixed,n/a,n/a,n/a,n/a,n/a,n/a,year,"Autodesk Revit 2014, Build: 20131024_2115(x64)",Autodesk.Revit.DB.FamilySymbol,4ec17585-c36e-4cc3-8301-61df48a06d7e-000c89f7,n/a,n/a,year,n/a,n/a,n/a,n/a,n/a,n/a,n/a,n/a,n/a,n/a,n/a,n/a,n/a,n/a,n/a,n/a,n/a,n/a,
VAV 250 mm,danielle.r.love@usace.army.mil,2013-12-30T08:58:12,23-75 70 21 24 14: Variable Volume Air Terminal Units,250 mm,Fixed,n/a,n/a,n/a,n/a,n/a,n/a,year,"Autodesk Revit 2014, Build: 20131024_2115(x64)",Autodesk.Revit.DB.FamilySymbol,4ec17585-c36e-4cc3-8301-61df48a06d7e-000c89f9,n/a,n/a,year,n/a,n/a,n/a,n/a,n/a,n/a,n/a,n/a,n/a,n/a,n/a,n/a,n/a,n/a,n/a,n/a,n/a,n/a,
VAV 300 mm,danielle.r.love@usace.army.mil,2013-12-30T08:58:12,23-75 70 21 24 14: Variable Volume Air Terminal Units,300 mm,Fixed,n/a,n/a,n/a,n/a,n/a,n/a,year,"Autodesk Revit 2014, Build: 20131024_2115(x64)",Autodesk.Revit.DB.FamilySymbol,4ec17585-c36e-4cc3-8301-61df48a06d7e-000c89fb,n/a,n/a,year,n/a,n/a,n/a,n/a,n/a,n/a,n/a,n/a,n/a,n/a,n/a,n/a,n/a,n/a,n/a,n/a,n/a,n/a,
VAV 350 mm,danielle.r.love@usace.army.mil,2013-12-30T08:58:12,23-75 70 21 24 14: Variable Volume Air Terminal Units,350 mm,Fixed,n/a,n/a,n/a,n/a,n/a,n/a,year,"Autodesk Revit 2014, Build: 20131024_2115(x64)",Autodesk.Revit.DB.FamilySymbol,4ec17585-c36e-4cc3-8301-61df48a06d7e-000c89fd,n/a,n/a,year,n/a,n/a,n/a,n/a,n/a,n/a,n/a,n/a,n/a,n/a,n/a,n/a,n/a,n/a,n/a,n/a,n/a,n/a,
VAV 400 mm,danielle.r.love@usace.army.mil,2013-12-30T08:58:12,23-75 70 21 24 14: Variable Volume Air Terminal Units,400 mm,Fixed,n/a,n/a,n/a,n/a,n/a,n/a,year,"Autodesk Revit 2014, Build: 20131024_2115(x64)",Autodesk.Revit.DB.FamilySymbol,4ec17585-c36e-4cc3-8301-61df48a06d7e-000c89ff,n/a,n/a,year,n/a,n/a,n/a,n/a,n/a,n/a,n/a,n/a,n/a,n/a,n/a,n/a,n/a,n/a,n/a,n/a,n/a,n/a,
Fan- Roof Mounted Type 1,danielle.r.love@usace.army.mil,2013-12-30T08:58:12,23-75 35 17 27: Centrifugal Fans,"Centrifugal Roof Mounted, Motorized Damper, Prefabricated Curb",Fixed,n/a,n/a,n/a,n/a,n/a,n/a,year,"Autodesk Revit 2014, Build: 20131024_2115(x64)",Autodesk.Revit.DB.FamilySymbol,4ec17585-c36e-4cc3-8301-61df48a06d7e-000c8a01,n/a,n/a,year,n/a,n/a,n/a,n/a,n/a,n/a,n/a,n/a,n/a,n/a,n/a,n/a,n/a,n/a,n/a,n/a,n/a,n/a,
Water Heater,danielle.r.love@usace.army.mil,2013-12-30T08:58:12,23-65 35 11 11: Storage Water Heaters,380 L,Fixed,n/a,n/a,n/a,n/a,n/a,n/a,year,"Autodesk Revit 2014, Build: 20131024_2115(x64)",Autodesk.Revit.DB.FamilySymbol,4ec17585-c36e-4cc3-8301-61df48a06d7e-000c8a06,n/a,n/a,year,n/a,n/a,n/a,n/a,n/a,n/a,n/a,n/a,n/a,n/a,n/a,n/a,n/a,n/a,n/a,n/a,n/a,n/a,
AHU,danielle.r.love@usace.army.mil,2013-12-30T08:58:12,23-75 35 14 17: Modular Indoor Air Handling Units,63300000 J,Fixed,n/a,n/a,n/a,n/a,n/a,n/a,year,"Autodesk Revit 2014, Build: 20131024_2115(x64)",Autodesk.Revit.DB.FamilySymbol,4ec17585-c36e-4cc3-8301-61df48a06d7e-000c8a1a,n/a,n/a,year,n/a,n/a,n/a,n/a,n/a,n/a,n/a,n/a,n/a,n/a,n/a,n/a,n/a,n/a,n/a,n/a,n/a,n/a,
M_Roof Drain_380 mm Strainer - 25 mm Drain,bill.east@us.army.mil,2013-12-30T08:58:12,23-13 41 39: Roof Drains,M_Roof Drain: 380 mm Strainer - 25 mm Drain,Fixed,n/a,n/a,n/a,n/a,n/a,n/a,year,"Autodesk Revit 2014, Build: 20131024_2115(x64)",Autodesk.Revit.DB.FamilySymbol,4ec17585-c36e-4cc3-8301-61df48a06d7e-000c8a5c,n/a,n/a,year,n/a,n/a,n/a,n/a,n/a,n/a,n/a,n/a,n/a,n/a,n/a,n/a,n/a,n/a,n/a,n/a,n/a,n/a,
Air Cooled Chiller,danielle.r.love@usace.army.mil,2013-12-30T08:58:12,23-75 10 24 21 21 21: Rotary-Screw Water Chillers,633-703 kW,Fixed,n/a,n/a,n/a,n/a,n/a,n/a,year,"Autodesk Revit 2014, Build: 20131024_2115(x64)",Autodesk.Revit.DB.FamilySymbol,4ec17585-c36e-4cc3-8301-61df48a06d7e-000c8a7a,n/a,n/a,year,n/a,n/a,n/a,n/a,n/a,n/a,n/a,n/a,n/a,n/a,n/a,n/a,n/a,n/a,n/a,n/a,n/a,n/a,
M_Roof Drain_380 mm Strainer - 150 mm Drain,bill.east@us.army.mil,2013-12-30T08:58:12,23-13 41 39: Roof Drains,M_Roof Drain: 380 mm Strainer - 150 mm Drain,Fixed,n/a,n/a,n/a,n/a,n/a,n/a,year,"Autodesk Revit 2014, Build: 20131024_2115(x64)",Autodesk.Revit.DB.FamilySymbol,4ec17585-c36e-4cc3-8301-61df48a06d7e-000c8a8a,n/a,n/a,year,n/a,n/a,n/a,n/a,n/a,n/a,n/a,n/a,n/a,n/a,n/a,n/a,n/a,n/a,n/a,n/a,n/a,n/a,
M_Roof Drain_380 mm Strainer - 100 mm Drain,bill.east@us.army.mil,2013-12-30T08:58:12,23-13 41 39: Roof Drains,M_Roof Drain: 380 mm Strainer - 100 mm Drain,Fixed,n/a,n/a,n/a,n/a,n/a,n/a,year,"Autodesk Revit 2014, Build: 20131024_2115(x64)",Autodesk.Revit.DB.FamilySymbol,4ec17585-c36e-4cc3-8301-61df48a06d7e-000c8a8c,n/a,n/a,year,n/a,n/a,n/a,n/a,n/a,n/a,n/a,n/a,n/a,n/a,n/a,n/a,n/a,n/a,n/a,n/a,n/a,n/a,
Pump- Cold Water,danielle.r.love@usace.army.mil,2013-12-30T08:58:12,23-60 30 21: Pumps,"Line Mounted, Centrifugal, Constant Valume",Fixed,n/a,n/a,n/a,n/a,n/a,n/a,year,"Autodesk Revit 2014, Build: 20131024_2115(x64)",Autodesk.Revit.DB.FamilySymbol,ade241a3-b020-46fc-a2f0-c0e0a218777c-000d7a42,n/a,n/a,year,n/a,n/a,n/a,n/a,n/a,n/a,n/a,n/a,n/a,n/a,n/a,n/a,n/a,n/a,n/a,n/a,n/a,n/a,
Air Compressor - Dental,mariangelica.carrasquillo@usace.army.mil,2013-12-30T08:58:12,23-65 55 11 11: Gas Compressors/Vacuum Pumps,Duplex Packaged Assembly with Dryer,Fixed,n/a,n/a,n/a,n/a,n/a,n/a,year,"Autodesk Revit 2014, Build: 20131024_2115(x64)",Autodesk.Revit.DB.FamilySymbol,e76c10bd-746e-443b-bec4-a08844397247-000d84eb,n/a,n/a,year,n/a,n/a,n/a,n/a,n/a,n/a,n/a,n/a,n/a,n/a,n/a,n/a,n/a,n/a,n/a,n/a,n/a,n/a,
Expansion Tank,danielle.r.love@usace.army.mil,2013-12-30T08:58:12,"23-15 30 27 11: Tanks, Reservoirs","Vertical, Captive Air, Bladder Type",Fixed,n/a,n/a,n/a,n/a,n/a,n/a,year,"Autodesk Revit 2014, Build: 20131024_2115(x64)",Autodesk.Revit.DB.FamilySymbol,a180aea9-fffc-487f-a681-d408eb13d726-000d8858,n/a,n/a,year,n/a,n/a,n/a,n/a,n/a,n/a,n/a,n/a,n/a,n/a,n/a,n/a,n/a,n/a,n/a,n/a,n/a,n/a,
Fan- Sidewall Type 1,danielle.r.love@usace.army.mil,2013-12-30T08:58:12,23-75 35 17: Fans,"Wall Mounted, Propeller, Supply Fan, with Wall Housing and Motor Operated Damper",Fixed,n/a,n/a,n/a,n/a,n/a,n/a,year,"Autodesk Revit 2014, Build: 20131024_2115(x64)",Autodesk.Revit.DB.FamilySymbol,9f3c6f1c-5cbc-45ac-b3b0-73d0fc6123ae-000d8cc9,n/a,n/a,year,n/a,n/a,n/a,n/a,n/a,n/a,n/a,n/a,n/a,n/a,n/a,n/a,n/a,n/a,n/a,n/a,n/a,n/a,
Fan- Sidewall Type 2,danielle.r.love@usace.army.mil,2013-12-30T08:58:12,23-75 35 17: Fans,"Wall Mounted, Propeller, Exhaust Fan, with Wall Housing and Motor Operated Damper",Fixed,n/a,n/a,n/a,n/a,n/a,n/a,year,"Autodesk Revit 2014, Build: 20131024_2115(x64)",Autodesk.Revit.DB.FamilySymbol,9f3c6f1c-5cbc-45ac-b3b0-73d0fc6123ae-000d8ccb,n/a,n/a,year,n/a,n/a,n/a,n/a,n/a,n/a,n/a,n/a,n/a,n/a,n/a,n/a,n/a,n/a,n/a,n/a,n/a,n/a,
Fan- Sidewall Type 3,danielle.r.love@usace.army.mil,2013-12-30T08:58:12,23-75 35 17: Fans,"Wall Mounted, Propeller, Exhaust Fan, with Wall Housing and Motor Operated Damper",Fixed,n/a,n/a,n/a,n/a,n/a,n/a,year,"Autodesk Revit 2014, Build: 20131024_2115(x64)",Autodesk.Revit.DB.FamilySymbol,9f3c6f1c-5cbc-45ac-b3b0-73d0fc6123ae-000d8ccd,n/a,n/a,year,n/a,n/a,n/a,n/a,n/a,n/a,n/a,n/a,n/a,n/a,n/a,n/a,n/a,n/a,n/a,n/a,n/a,n/a,
Equip-D7090,bill.east@us.army.mil,2013-12-30T08:58:12,23-40 70 11 14 11: Medical Equipment,Floor Mounted Utility Center,Fixed,n/a,n/a,n/a,n/a,n/a,n/a,year,"Autodesk Revit 2014, Build: 20131024_2115(x64)",Autodesk.Revit.DB.FamilySymbol,7681a401-b868-457a-8161-7fb01dd98a9a-000dd00d,n/a,n/a,year,n/a,n/a,n/a,n/a,n/a,n/a,n/a,n/a,n/a,n/a,n/a,n/a,n/a,n/a,n/a,n/a,n/a,n/a,
VAV 175 mm,danielle.r.love@usace.army.mil,2013-12-30T08:58:12,23-75 70 21 24 14: Variable Volume Air Terminal Units,175 mm,Fixed,n/a,n/a,n/a,n/a,n/a,n/a,year,"Autodesk Revit 2014, Build: 20131024_2115(x64)",Autodesk.Revit.DB.FamilySymbol,f80a5772-bce2-4596-8a62-5f137a608408-000dda4c,n/a,n/a,year,n/a,n/a,n/a,n/a,n/a,n/a,n/a,n/a,n/a,n/a,n/a,n/a,n/a,n/a,n/a,n/a,n/a,n/a,
Boiler,danielle.r.love@usace.army.mil,2013-12-30T08:58:12,23-75 10 11 14: Hot Water Heat Generators,"Induced Heat Draft, Natural Gas Fired, Copper Tube, Hot Water Boiler",Fixed,n/a,n/a,n/a,n/a,n/a,n/a,year,"Autodesk Revit 2014, Build: 20131024_2115(x64)",Autodesk.Revit.DB.FamilySymbol,f99e071f-a5c8-4f72-b55c-305ae10334b1-000df578,n/a,n/a,year,n/a,n/a,n/a,n/a,n/a,n/a,n/a,n/a,n/a,n/a,n/a,n/a,n/a,n/a,n/a,n/a,n/a,n/a,
AC Unit Type 1,danielle.r.love@usace.army.mil,2013-12-30T08:58:12,23-75 10 24 21 27: Unitary Air Conditioning Equipment,Horiz. D.X. Fan Coil,Fixed,n/a,n/a,n/a,n/a,n/a,n/a,year,"Autodesk Revit 2014, Build: 20131024_2115(x64)",Autodesk.Revit.DB.FamilySymbol,e9bda44f-5804-4413-bbc3-670901aa5ac2-000dfb7b,n/a,n/a,year,n/a,n/a,n/a,n/a,n/a,n/a,n/a,n/a,n/a,n/a,n/a,n/a,n/a,n/a,n/a,n/a,n/a,n/a,
AC Unit Type 2,danielle.r.love@usace.army.mil,2013-12-30T08:58:12,23-75 10 24 21 27: Unitary Air Conditioning Equipment,Horiz. D.X. Fan Coil,Fixed,n/a,n/a,n/a,n/a,n/a,n/a,year,"Autodesk Revit 2014, Build: 20131024_2115(x64)",Autodesk.Revit.DB.FamilySymbol,e9bda44f-5804-4413-bbc3-670901aa5ac2-000dfb7d,n/a,n/a,year,n/a,n/a,n/a,n/a,n/a,n/a,n/a,n/a,n/a,n/a,n/a,n/a,n/a,n/a,n/a,n/a,n/a,n/a,
Air Cooled Condensing Unit- Small,danielle.r.love@usace.army.mil,2013-12-30T08:58:12,23-75 10 24 21: Cooling and Freeze Components,2500 Watt Capacity,Fixed,n/a,n/a,n/a,n/a,n/a,n/a,year,"Autodesk Revit 2014, Build: 20131024_2115(x64)",Autodesk.Revit.DB.FamilySymbol,b21af641-891b-486d-b9fd-aac36e4bb9b1-000dfed4,n/a,n/a,year,n/a,n/a,n/a,n/a,n/a,n/a,n/a,n/a,n/a,n/a,n/a,n/a,n/a,n/a,n/a,n/a,n/a,n/a,
Air Cooled Condensing Unit- Large,danielle.r.love@usace.army.mil,2013-12-30T08:58:12,23-75 10 24 21: Cooling and Freeze Components,3500 Watt Capacity,Fixed,n/a,n/a,n/a,n/a,n/a,n/a,year,"Autodesk Revit 2014, Build: 20131024_2115(x64)",Autodesk.Revit.DB.FamilySymbol,b21af641-891b-486d-b9fd-aac36e4bb9b1-000dfed6,n/a,n/a,year,n/a,n/a,n/a,n/a,n/a,n/a,n/a,n/a,n/a,n/a,n/a,n/a,n/a,n/a,n/a,n/a,n/a,n/a,
Fan- In Line Type 1,danielle.r.love@usace.army.mil,2013-12-30T08:58:12,23-75 35 17 27: Centrifugal Fans,"Centrifugal In Line, Class I Construction",Fixed,n/a,n/a,n/a,n/a,n/a,n/a,year,"Autodesk Revit 2014, Build: 20131024_2115(x64)",Autodesk.Revit.DB.FamilySymbol,66aac788-31b4-4056-932a-5bd71163e780-000e02e5,n/a,n/a,year,n/a,n/a,n/a,n/a,n/a,n/a,n/a,n/a,n/a,n/a,n/a,n/a,n/a,n/a,n/a,n/a,n/a,n/a,
Fan- In Line Type 2,danielle.r.love@usace.army.mil,2013-12-30T08:58:12,23-75 35 17 27: Centrifugal Fans,"Centrifugal In Line, Class I Construction",Fixed,n/a,n/a,n/a,n/a,n/a,n/a,year,"Autodesk Revit 2014, Build: 20131024_2115(x64)",Autodesk.Revit.DB.FamilySymbol,66aac788-31b4-4056-932a-5bd71163e780-000e02f9,n/a,n/a,year,n/a,n/a,n/a,n/a,n/a,n/a,n/a,n/a,n/a,n/a,n/a,n/a,n/a,n/a,n/a,n/a,n/a,n/a,
Fan- In Line Type 3,danielle.r.love@usace.army.mil,2013-12-30T08:58:12,23-75 35 17 27: Centrifugal Fans,"Centrifugal In Line, Class I Construction",Fixed,n/a,n/a,n/a,n/a,n/a,n/a,year,"Autodesk Revit 2014, Build: 20131024_2115(x64)",Autodesk.Revit.DB.FamilySymbol,66aac788-31b4-4056-932a-5bd71163e780-000e02fb,n/a,n/a,year,n/a,n/a,n/a,n/a,n/a,n/a,n/a,n/a,n/a,n/a,n/a,n/a,n/a,n/a,n/a,n/a,n/a,n/a,
Fan- Centrifugal Air Foil,danielle.r.love@usace.army.mil,2013-12-30T08:58:12,23-75 35 17 27: Centrifugal Fans,"Centrifugal, Air Foil Fan, With Internal Vibration Isolation, Double Wall Insulated Cabinet, Mounted in AHU With Variable Frequency Drive",Fixed,n/a,n/a,n/a,n/a,n/a,n/a,year,"Autodesk Revit 2014, Build: 20131024_2115(x64)",Autodesk.Revit.DB.FamilySymbol,66aac788-31b4-4056-932a-5bd71163e780-000e05fd,n/a,n/a,year,n/a,n/a,n/a,n/a,n/a,n/a,n/a,n/a,n/a,n/a,n/a,n/a,n/a,n/a,n/a,n/a,n/a,n/a,
Fan- Roof Mounted Type 2,danielle.r.love@usace.army.mil,2013-12-30T08:58:12,23-75 35 17 27: Centrifugal Fans,"Centrifugal Roof Mounted, Motorized Damper, Prefabricated Curb",Fixed,n/a,n/a,n/a,n/a,n/a,n/a,year,"Autodesk Revit 2014, Build: 20131024_2115(x64)",Autodesk.Revit.DB.FamilySymbol,66aac788-31b4-4056-932a-5bd71163e780-000e0629,n/a,n/a,year,n/a,n/a,n/a,n/a,n/a,n/a,n/a,n/a,n/a,n/a,n/a,n/a,n/a,n/a,n/a,n/a,n/a,n/a,
Fan- Roof Mounted Type 3,danielle.r.love@usace.army.mil,2013-12-30T08:58:12,23-75 35 17 27: Centrifugal Fans,"Centrifugal Roof Mounted, Motorized Damper, Prefabricated Curb",Fixed,n/a,n/a,n/a,n/a,n/a,n/a,year,"Autodesk Revit 2014, Build: 20131024_2115(x64)",Autodesk.Revit.DB.FamilySymbol,66aac788-31b4-4056-932a-5bd71163e780-000e062b,n/a,n/a,year,n/a,n/a,n/a,n/a,n/a,n/a,n/a,n/a,n/a,n/a,n/a,n/a,n/a,n/a,n/a,n/a,n/a,n/a,
Fan- Roof Mounted Type 4,danielle.r.love@usace.army.mil,2013-12-30T08:58:12,23-75 35 17 27: Centrifugal Fans,"Centrifugal Roof Mounted, Motorized Damper, Prefabricated Curb",Fixed,n/a,n/a,n/a,n/a,n/a,n/a,year,"Autodesk Revit 2014, Build: 20131024_2115(x64)",Autodesk.Revit.DB.FamilySymbol,66aac788-31b4-4056-932a-5bd71163e780-000e062d,n/a,n/a,year,n/a,n/a,n/a,n/a,n/a,n/a,n/a,n/a,n/a,n/a,n/a,n/a,n/a,n/a,n/a,n/a,n/a,n/a,
VAV 100 mm,danielle.r.love@usace.army.mil,2013-12-30T08:58:12,23-75 70 21 24 14: Variable Volume Air Terminal Units,100 mm,Fixed,n/a,n/a,n/a,n/a,n/a,n/a,year,"Autodesk Revit 2014, Build: 20131024_2115(x64)",Autodesk.Revit.DB.FamilySymbol,7c63f3aa-7232-4704-8f88-d5b4c683bcca-000f3401,n/a,n/a,year,n/a,n/a,n/a,n/a,n/a,n/a,n/a,n/a,n/a,n/a,n/a,n/a,n/a,n/a,n/a,n/a,n/a,n/a,
VAV 125 mm,danielle.r.love@usace.army.mil,2013-12-30T08:58:12,23-75 70 21 24 14: Variable Volume Air Terminal Units,125 mm,Fixed,n/a,n/a,n/a,n/a,n/a,n/a,year,"Autodesk Revit 2014, Build: 20131024_2115(x64)",Autodesk.Revit.DB.FamilySymbol,7c63f3aa-7232-4704-8f88-d5b4c683bcca-000f3403,n/a,n/a,year,n/a,n/a,n/a,n/a,n/a,n/a,n/a,n/a,n/a,n/a,n/a,n/a,n/a,n/a,n/a,n/a,n/a,n/a,
VAV 225 mm,danielle.r.love@usace.army.mil,2013-12-30T08:58:12,23-75 70 21 24 14: Variable Volume Air Terminal Units,225 mm,Fixed,n/a,n/a,n/a,n/a,n/a,n/a,year,"Autodesk Revit 2014, Build: 20131024_2115(x64)",Autodesk.Revit.DB.FamilySymbol,7c63f3aa-7232-4704-8f88-d5b4c683bcca-000f347b,n/a,n/a,year,n/a,n/a,n/a,n/a,n/a,n/a,n/a,n/a,n/a,n/a,n/a,n/a,n/a,n/a,n/a,n/a,n/a,n/a,
Backflow Preventer,danielle.r.love@usace.army.mil,2013-12-30T08:58:12,23-65 55 14 21: Non-Return Valves for Liquid Services,20 mm,Fixed,n/a,n/a,n/a,n/a,n/a,n/a,year,"Autodesk Revit 2014, Build: 20131024_2115(x64)",Autodesk.Revit.DB.FamilySymbol,4ec17585-c36e-4cc3-8301-61df48a06d7e-000c8a4b,n/a,n/a,year,n/a,n/a,n/a,n/a,n/a,n/a,n/a,n/a,n/a,n/a,n/a,n/a,n/a,n/a,n/a,n/a,n/a,n/a,
Ball Valve 50 mm,danielle.r.love@usace.army.mil,2013-12-30T08:58:12,23-65 55 14 17: Adjusting/Controlling Valves for Liquid Services,80 mm,Fixed,n/a,n/a,n/a,n/a,n/a,n/a,year,"Autodesk Revit 2014, Build: 20131024_2115(x64)",Autodesk.Revit.DB.FamilySymbol,4ec17585-c36e-4cc3-8301-61df48a06d7e-000c8a4c,n/a,n/a,year,n/a,n/a,n/a,n/a,n/a,n/a,n/a,n/a,n/a,n/a,n/a,n/a,n/a,n/a,n/a,n/a,n/a,n/a,
Ball Valve 65 mm,danielle.r.love@usace.army.mil,2013-12-30T08:58:12,23-65 55 14 17: Adjusting/Controlling Valves for Liquid Services,65 mm,Fixed,n/a,n/a,n/a,n/a,n/a,n/a,year,"Autodesk Revit 2014, Build: 20131024_2115(x64)",Autodesk.Revit.DB.FamilySymbol,4ec17585-c36e-4cc3-8301-61df48a06d7e-000c8a4e,n/a,n/a,year,n/a,n/a,n/a,n/a,n/a,n/a,n/a,n/a,n/a,n/a,n/a,n/a,n/a,n/a,n/a,n/a,n/a,n/a,
Ball Valve 80 mm,danielle.r.love@usace.army.mil,2013-12-30T08:58:12,23-65 55 14 17: Adjusting/Controlling Valves for Liquid Services,80 mm,Fixed,n/a,n/a,n/a,n/a,n/a,n/a,year,"Autodesk Revit 2014, Build: 20131024_2115(x64)",Autodesk.Revit.DB.FamilySymbol,4ec17585-c36e-4cc3-8301-61df48a06d7e-000c8a50,n/a,n/a,year,n/a,n/a,n/a,n/a,n/a,n/a,n/a,n/a,n/a,n/a,n/a,n/a,n/a,n/a,n/a,n/a,n/a,n/a,
Ball Valve 100 mm,danielle.r.love@usace.army.mil,2013-12-30T08:58:12,23-65 55 14 17: Adjusting/Controlling Valves for Liquid Services,100 mm,Fixed,n/a,n/a,n/a,n/a,n/a,n/a,year,"Autodesk Revit 2014, Build: 20131024_2115(x64)",Autodesk.Revit.DB.FamilySymbol,4ec17585-c36e-4cc3-8301-61df48a06d7e-000c8a52,n/a,n/a,year,n/a,n/a,n/a,n/a,n/a,n/a,n/a,n/a,n/a,n/a,n/a,n/a,n/a,n/a,n/a,n/a,n/a,n/a,
Ball Valve 150 mm,danielle.r.love@usace.army.mil,2013-12-30T08:58:12,23-65 55 14 17: Adjusting/Controlling Valves for Liquid Services,150 mm,Fixed,n/a,n/a,n/a,n/a,n/a,n/a,year,"Autodesk Revit 2014, Build: 20131024_2115(x64)",Autodesk.Revit.DB.FamilySymbol,4ec17585-c36e-4cc3-8301-61df48a06d7e-000c8a54,n/a,n/a,year,n/a,n/a,n/a,n/a,n/a,n/a,n/a,n/a,n/a,n/a,n/a,n/a,n/a,n/a,n/a,n/a,n/a,n/a,
Air Separator,danielle.r.love@usace.army.mil,2013-12-30T08:58:12,23-75 50 17: Supply Air Treatment,Centrifugal Air Separator,Fixed,n/a,n/a,n/a,n/a,n/a,n/a,year,"Autodesk Revit 2014, Build: 20131024_2115(x64)",Autodesk.Revit.DB.FamilySymbol,410379a1-e1e5-45e3-965a-befd0a26fe3e-000d953d,n/a,n/a,year,n/a,n/a,n/a,n/a,n/a,n/a,n/a,n/a,n/a,n/a,n/a,n/a,n/a,n/a,n/a,n/a,n/a,n/a,
M_Tee - Generic_Tee - Generic,bill.east@us.army.mil,2013-12-30T08:58:12,23-27 39 00: Piping,M_Tee - Generic: Tee - Generic,Fixed,n/a,n/a,n/a,n/a,n/a,n/a,year,"Autodesk Revit 2014, Build: 20131024_2115(x64)",Autodesk.Revit.DB.FamilySymbol,4ec17585-c36e-4cc3-8301-61df48a06d7e-000c89aa,n/a,n/a,year,n/a,n/a,n/a,n/a,n/a,n/a,n/a,n/a,n/a,n/a,n/a,n/a,n/a,n/a,n/a,n/a,n/a,n/a,
M_Cross - Generic_Cross - Generic,bill.east@us.army.mil,2013-12-30T08:58:12,23-27 39 00: Piping,M_Cross - Generic: Cross - Generic,Fixed,n/a,n/a,n/a,n/a,n/a,n/a,year,"Autodesk Revit 2014, Build: 20131024_2115(x64)",Autodesk.Revit.DB.FamilySymbol,4ec17585-c36e-4cc3-8301-61df48a06d7e-000c89ab,n/a,n/a,year,n/a,n/a,n/a,n/a,n/a,n/a,n/a,n/a,n/a,n/a,n/a,n/a,n/a,n/a,n/a,n/a,n/a,n/a,
M_Elbow - Generic_Elbow - Generic,bill.east@us.army.mil,2013-12-30T08:58:12,23-27 39 00: Piping,M_Elbow - Generic: Elbow - Generic,Fixed,n/a,n/a,n/a,n/a,n/a,n/a,year,"Autodesk Revit 2014, Build: 20131024_2115(x64)",Autodesk.Revit.DB.FamilySymbol,4ec17585-c36e-4cc3-8301-61df48a06d7e-000c89ac,n/a,n/a,year,n/a,n/a,n/a,n/a,n/a,n/a,n/a,n/a,n/a,n/a,n/a,n/a,n/a,n/a,n/a,n/a,n/a,n/a,
M_Transition - Generic_Transition - Generic,bill.east@us.army.mil,2013-12-30T08:58:12,23-27 39 00: Piping,M_Transition - Generic: Transition - Generic,Fixed,n/a,n/a,n/a,n/a,n/a,n/a,year,"Autodesk Revit 2014, Build: 20131024_2115(x64)",Autodesk.Revit.DB.FamilySymbol,4ec17585-c36e-4cc3-8301-61df48a06d7e-000c89b6,n/a,n/a,year,n/a,n/a,n/a,n/a,n/a,n/a,n/a,n/a,n/a,n/a,n/a,n/a,n/a,n/a,n/a,n/a,n/a,n/a,
Fire Protection,bill.east@us.army.mil,2013-12-30T08:58:12,23-27 39 00: Piping,Pipe Types: Fire Protection,Fixed,n/a,n/a,n/a,n/a,n/a,n/a,year,"Autodesk Revit 2014, Build: 20131024_2115(x64)",Autodesk.Revit.DB.Plumbing.PipeType,4ec17585-c36e-4cc3-8301-61df48a06d7e-000c8a0c,n/a,n/a,year,n/a,n/a,n/a,n/a,n/a,n/a,n/a,n/a,n/a,n/a,n/a,n/a,n/a,n/a,n/a,n/a,n/a,n/a,
Fire Extinguisher Cabinet,mariangelica.carrasquillo@usace.army.mil,2013-12-30T08:58:13,23-65 70 17 11: Fire Fighting Terminal Components,Fire Extinguisher Cabinet:305 x 215 x 813mm:305 x 215 x 813mm,Fixed,n/a,n/a,n/a,n/a,n/a,n/a,year,"Autodesk Revit 2014, Build: 20131024_2115(x64)",Autodesk.Revit.DB.FamilySymbol,374ab686-af0f-400a-816a-f713a899285f-000559d4,180,20,year,n/a,232,394,774,n/a,n/a,n/a,n/a,n/a,n/a,n/a,n/a,n/a,n/a,n/a,n/a,n/a,n/a,
Grab Bar Type B,mariangelica.carrasquillo@usace.army.mil,2013-12-30T08:58:13,23-40 20 21 47: Bath Grab Bars,Bathroom Grab Bar: 8370-001420,Fixed,n/a,8370-001420,n/a,n/a,n/a,n/a,year,"Autodesk Revit 2014, Build: 20131024_2115(x64)",Autodesk.Revit.DB.FamilySymbol,cfdfa24f-c3f8-4499-ba99-b182d3a15984-0006904a,n/a,10,year,n/a,1066,n/a,n/a,n/a,n/a,n/a,n/a,n/a,n/a,n/a,n/a,n/a,n/a,n/a,n/a,n/a,n/a,
Grab Bar Type A,mariangelica.carrasquillo@usace.army.mil,2013-12-30T08:58:13,23-40 20 21 47: Bath Grab Bars,Bathroom Grab Bar: 8370-001300,Fixed,n/a,8370-001300,n/a,n/a,n/a,n/a,year,"Autodesk Revit 2014, Build: 20131024_2115(x64)",Autodesk.Revit.DB.FamilySymbol,cfdfa24f-c3f8-4499-ba99-b182d3a15984-0006904e,n/a,10,year,n/a,762,n/a,n/a,n/a,n/a,n/a,n/a,n/a,n/a,n/a,n/a,n/a,n/a,n/a,n/a,n/a,n/a,
Mirror,mariangelica.carrasquillo@usace.army.mil,2013-12-30T08:58:13,23-40 20 21: Toilet and Bath Specialties,Mirror 600mm x 900mm,Fixed,n/a,n/a,n/a,n/a,n/a,n/a,year,"Autodesk Revit 2014, Build: 20131024_2115(x64)",Autodesk.Revit.DB.FamilySymbol,491f0d0e-7f2d-488d-b36d-7e584cc98a4e-0006adf7,n/a,5,year,n/a,n/a,610,914,n/a,n/a,n/a,n/a,n/a,n/a,n/a,n/a,n/a,n/a,n/a,n/a,n/a,n/a,
Shower Seat,mariangelica.carrasquillo@usace.army.mil,2013-12-30T08:58:13,23-45 05 14 11 17: Shower/Bath Seats,"ADA Shower Seat 17"" Depth x 18 1/2"" Width",Fixed,n/a,DSGBFSTADA-WHT,n/a,n/a,n/a,n/a,year,"Autodesk Revit 2014, Build: 20131024_2115(x64)",Autodesk.Revit.DB.FamilySymbol,491f0d0e-7f2d-488d-b36d-7e584cc98a4e-0006c497,n/a,10,year,n/a,430,570,194,n/a,n/a,n/a,White,n/a,n/a,n/a,n/a,n/a,n/a,n/a,n/a,n/a,n/a,
Towel Dispenser,mariangelica.carrasquillo@usace.army.mil,2013-12-30T08:58:13,23-40 20 21 17: Paper Towel Dispensers: Disposal Units,Multi Purpose Towel Dispenser,Fixed,n/a,n/a,n/a,n/a,n/a,n/a,year,"Autodesk Revit 2014, Build: 20131024_2115(x64)",Autodesk.Revit.DB.FamilySymbol,4d502157-27e4-4a86-8624-bd751fa41135-0006ca5d,n/a,10,year,n/a,102,324,435,n/a,n/a,n/a,n/a,n/a,n/a,n/a,n/a,n/a,n/a,n/a,n/a,n/a,n/a,
Water Closet P-9050,danielle.r.love@usace.army.mil,2013-12-30T08:58:13,23-45 05 21 11 11: Water Operated Water Closets,Water Closet,Fixed,n/a,n/a,n/a,n/a,n/a,n/a,year,"Autodesk Revit 2014, Build: 20131024_2115(x64)",Autodesk.Revit.DB.FamilySymbol,4ec17585-c36e-4cc3-8301-61df48a06d7e-000c8a49,n/a,n/a,year,n/a,n/a,n/a,n/a,n/a,n/a,n/a,n/a,n/a,n/a,n/a,n/a,n/a,n/a,n/a,n/a,n/a,n/a,
Drinking Fountain R-2201,danielle.r.love@usace.army.mil,2013-12-30T08:58:13,23-65 70 14 11: Drinking Fountains/Coolers,Drinking Fountain with Dispenser,Fixed,n/a,n/a,n/a,n/a,n/a,n/a,year,"Autodesk Revit 2014, Build: 20131024_2115(x64)",Autodesk.Revit.DB.FamilySymbol,4ec17585-c36e-4cc3-8301-61df48a06d7e-000c8a56,n/a,n/a,year,n/a,n/a,n/a,n/a,n/a,n/a,n/a,n/a,n/a,n/a,n/a,n/a,n/a,n/a,n/a,n/a,n/a,n/a,
M_Floor Drain - Round_125 mm Strainer - 100 mm Drain_FD,danielle.r.love@usace.army.mil,2013-12-30T08:58:13,23-31 27 00: Floor Drains,M_Floor Drain - Round: 125 mm Strainer - 100 mm Drain,Fixed,n/a,n/a,n/a,n/a,n/a,n/a,year,"Autodesk Revit 2014, Build: 20131024_2115(x64)",Autodesk.Revit.DB.FamilySymbol,4ec17585-c36e-4cc3-8301-61df48a06d7e-000c8a58,n/a,n/a,year,n/a,n/a,n/a,n/a,n/a,n/a,n/a,n/a,n/a,n/a,n/a,n/a,n/a,n/a,n/a,n/a,n/a,n/a,
Lavatory P-3070,danielle.r.love@usace.army.mil,2013-12-30T08:58:13,23-45 05 14 14: Sinks/Lavatories,Lavatory,Fixed,n/a,n/a,n/a,n/a,n/a,n/a,year,"Autodesk Revit 2014, Build: 20131024_2115(x64)",Autodesk.Revit.DB.FamilySymbol,4ec17585-c36e-4cc3-8301-61df48a06d7e-000c8a5a,n/a,n/a,year,n/a,n/a,n/a,n/a,n/a,n/a,n/a,n/a,n/a,n/a,n/a,n/a,n/a,n/a,n/a,n/a,n/a,n/a,
Shower P-5040,danielle.r.love@usace.army.mil,2013-12-30T08:58:13,23-45 05 14 21 11: Bath/Shower Units,Shower,Fixed,n/a,n/a,n/a,n/a,n/a,n/a,year,"Autodesk Revit 2014, Build: 20131024_2115(x64)",Autodesk.Revit.DB.FamilySymbol,4ec17585-c36e-4cc3-8301-61df48a06d7e-000c8a5e,n/a,n/a,year,n/a,n/a,n/a,n/a,n/a,n/a,n/a,n/a,n/a,n/a,n/a,n/a,n/a,n/a,n/a,n/a,n/a,n/a,
Sink D-0795,danielle.r.love@usace.army.mil,2013-12-30T08:58:13,23-45 05 14 14: Sinks/Lavatories,"Sink, CRS, 18 Ga. 250 X 350 X 250",Fixed,n/a,n/a,n/a,n/a,n/a,n/a,year,"Autodesk Revit 2014, Build: 20131024_2115(x64)",Autodesk.Revit.DB.FamilySymbol,4ec17585-c36e-4cc3-8301-61df48a06d7e-000c8a60,n/a,n/a,year,n/a,n/a,n/a,n/a,n/a,n/a,n/a,n/a,n/a,n/a,n/a,n/a,n/a,n/a,n/a,n/a,n/a,n/a,
M_Sink - Mop_710 mmx710 mm,danielle.r.love@usace.army.mil,2013-12-30T08:58:13,23-45 05 14 14: Sinks/Lavatories,M_Sink - Mop: 710 mmx710 mm,Fixed,n/a,n/a,n/a,n/a,n/a,n/a,year,"Autodesk Revit 2014, Build: 20131024_2115(x64)",Autodesk.Revit.DB.FamilySymbol,4ec17585-c36e-4cc3-8301-61df48a06d7e-000c8a62,n/a,n/a,year,n/a,762,n/a,n/a,n/a,n/a,n/a,n/a,n/a,n/a,n/a,n/a,n/a,n/a,n/a,n/a,n/a,n/a,
Urinal P-8150,danielle.r.love@usace.army.mil,2013-12-30T08:58:13,23-45 05 21 11 21: Urinals,25 mm Flush Valve,Fixed,n/a,n/a,n/a,n/a,n/a,n/a,year,"Autodesk Revit 2014, Build: 20131024_2115(x64)",Autodesk.Revit.DB.FamilySymbol,4ec17585-c36e-4cc3-8301-61df48a06d7e-000c8a64,n/a,n/a,year,n/a,n/a,n/a,n/a,n/a,n/a,n/a,n/a,n/a,n/a,n/a,n/a,n/a,n/a,n/a,n/a,n/a,n/a,
Mop Basin P-4700,danielle.r.love@usace.army.mil,2013-12-30T08:58:13,23-45 05 14 14: Sinks/Lavatories,"Basin, Mop, Service",Fixed,n/a,n/a,n/a,n/a,n/a,n/a,year,"Autodesk Revit 2014, Build: 20131024_2115(x64)",Autodesk.Revit.DB.FamilySymbol,4ec17585-c36e-4cc3-8301-61df48a06d7e-000c8a81,n/a,n/a,year,n/a,n/a,n/a,n/a,n/a,n/a,n/a,n/a,n/a,n/a,n/a,n/a,n/a,n/a,n/a,n/a,n/a,n/a,
Equip-P5210,bill.east@us.army.mil,2013-12-30T08:58:13,23-45 05 14 17: Showers,Safety Shower,Fixed,n/a,G1994,n/a,n/a,n/a,n/a,year,"Autodesk Revit 2014, Build: 20131024_2115(x64)",Autodesk.Revit.DB.FamilySymbol,be797af1-d9c9-4a3e-b0f5-b14855f67e69-000da6bd,n/a,n/a,year,n/a,n/a,n/a,n/a,n/a,n/a,n/a,n/a,n/a,n/a,n/a,n/a,n/a,n/a,n/a,n/a,n/a,n/a,
Water Closet P-9050M,danielle.r.love@usace.army.mil,2013-12-30T08:58:13,23-45 05 21 11 11: Water Operated Water Closets,Water Closet,Fixed,n/a,n/a,n/a,n/a,n/a,n/a,year,"Autodesk Revit 2014, Build: 20131024_2115(x64)",Autodesk.Revit.DB.FamilySymbol,ea7f27f7-8437-4d61-adf2-4568a16088cb-000de789,n/a,n/a,year,n/a,n/a,n/a,n/a,n/a,n/a,n/a,n/a,n/a,n/a,n/a,n/a,n/a,n/a,n/a,n/a,n/a,n/a,
Lavatory P-3100,danielle.r.love@usace.army.mil,2013-12-30T08:58:13,23-45 05 14 14: Sinks/Lavatories,"Lavatory, Clinic",Fixed,n/a,n/a,n/a,n/a,n/a,n/a,year,"Autodesk Revit 2014, Build: 20131024_2115(x64)",Autodesk.Revit.DB.FamilySymbol,800c91b5-c87d-4570-a3fa-0be6b6b6ab1c-000e0fdb,n/a,n/a,year,n/a,n/a,n/a,n/a,n/a,n/a,n/a,n/a,n/a,n/a,n/a,n/a,n/a,n/a,n/a,n/a,n/a,n/a,
Sink CS-090M,danielle.r.love@usace.army.mil,2013-12-30T08:58:13,23-45 05 14 14: Sinks/Lavatories,"Sink, Counter, Mod, 190 X 483 X 406",Fixed,n/a,n/a,n/a,n/a,n/a,n/a,year,"Autodesk Revit 2014, Build: 20131024_2115(x64)",Autodesk.Revit.DB.FamilySymbol,800c91b5-c87d-4570-a3fa-0be6b6b6ab1c-000e0fdd,n/a,n/a,year,n/a,n/a,n/a,n/a,n/a,n/a,n/a,n/a,n/a,n/a,n/a,n/a,n/a,n/a,n/a,n/a,n/a,n/a,
Sink P-6500,danielle.r.love@usace.army.mil,2013-12-30T08:58:13,23-45 05 14 14: Sinks/Lavatories,Sink,Fixed,n/a,n/a,n/a,n/a,n/a,n/a,year,"Autodesk Revit 2014, Build: 20131024_2115(x64)",Autodesk.Revit.DB.FamilySymbol,800c91b5-c87d-4570-a3fa-0be6b6b6ab1c-000e0fdf,n/a,n/a,year,n/a,n/a,n/a,n/a,n/a,n/a,n/a,n/a,n/a,n/a,n/a,n/a,n/a,n/a,n/a,n/a,n/a,n/a,
Sink CS-180A,danielle.r.love@usace.army.mil,2013-12-30T08:58:13,23-45 05 14 14: Sinks/Lavatories,"Sink, Counter, 304 X 559 X 406 Mod. Drop-in",Fixed,n/a,n/a,n/a,n/a,n/a,n/a,year,"Autodesk Revit 2014, Build: 20131024_2115(x64)",Autodesk.Revit.DB.FamilySymbol,800c91b5-c87d-4570-a3fa-0be6b6b6ab1c-000e0fe1,n/a,n/a,year,n/a,n/a,n/a,n/a,n/a,n/a,n/a,n/a,n/a,n/a,n/a,n/a,n/a,n/a,n/a,n/a,n/a,n/a,
Sink CS-180M,danielle.r.love@usace.army.mil,2013-12-30T08:58:13,23-45 05 14 14: Sinks/Lavatories,"Sink, Counter, 304 X 559 X 406 Mod. Drop-in",Fixed,n/a,n/a,n/a,n/a,n/a,n/a,year,"Autodesk Revit 2014, Build: 20131024_2115(x64)",Autodesk.Revit.DB.FamilySymbol,800c91b5-c87d-4570-a3fa-0be6b6b6ab1c-000e0fe3,n/a,n/a,year,n/a,n/a,n/a,n/a,n/a,n/a,n/a,n/a,n/a,n/a,n/a,n/a,n/a,n/a,n/a,n/a,n/a,n/a,
Sink D-0800,danielle.r.love@usace.army.mil,2013-12-30T08:58:13,23-45 05 14 14: Sinks/Lavatories,"Sink, CRS, 304 X 508 X 406",Fixed,n/a,n/a,n/a,n/a,n/a,n/a,year,"Autodesk Revit 2014, Build: 20131024_2115(x64)",Autodesk.Revit.DB.FamilySymbol,800c91b5-c87d-4570-a3fa-0be6b6b6ab1c-000e0fe5,n/a,n/a,year,n/a,n/a,n/a,n/a,n/a,n/a,n/a,n/a,n/a,n/a,n/a,n/a,n/a,n/a,n/a,n/a,n/a,n/a,
Workstation D-0935M,danielle.r.love@usace.army.mil,2013-12-30T08:58:13,23-45 05 14 14 17: Plaster Sinks,"Workstation, Dent. Lab Plast. W/813 X 406  Sink (DCA)",Fixed,n/a,n/a,n/a,n/a,n/a,n/a,year,"Autodesk Revit 2014, Build: 20131024_2115(x64)",Autodesk.Revit.DB.FamilySymbol,800c91b5-c87d-4570-a3fa-0be6b6b6ab1c-000e0fe7,n/a,n/a,year,n/a,n/a,n/a,n/a,n/a,n/a,n/a,n/a,n/a,n/a,n/a,n/a,n/a,n/a,n/a,n/a,n/a,n/a,
Workstation D-0985,danielle.r.love@usace.army.mil,2013-12-30T08:58:13,23-45 05 14 14 14: Clinic Sinks,"Worksation, Infect. Control",Fixed,n/a,n/a,n/a,n/a,n/a,n/a,year,"Autodesk Revit 2014, Build: 20131024_2115(x64)",Autodesk.Revit.DB.FamilySymbol,800c91b5-c87d-4570-a3fa-0be6b6b6ab1c-000e0fe9,n/a,n/a,year,n/a,n/a,n/a,n/a,n/a,n/a,n/a,n/a,n/a,n/a,n/a,n/a,n/a,n/a,n/a,n/a,n/a,n/a,
Sink CS-150,danielle.r.love@usace.army.mil,2013-12-30T08:58:13,23-45 05 14 14: Sinks/Lavatories,"Sink, Counter, 250 X 415 X 340",Fixed,n/a,n/a,n/a,n/a,n/a,n/a,year,"Autodesk Revit 2014, Build: 20131024_2115(x64)",Autodesk.Revit.DB.FamilySymbol,10e31881-a654-4cdf-8bf4-dd1369133d23-000e1335,n/a,n/a,year,n/a,n/a,n/a,n/a,n/a,n/a,n/a,n/a,n/a,n/a,n/a,n/a,n/a,n/a,n/a,n/a,n/a,n/a,
Equip-A1066,bill.east@us.army.mil,2013-12-30T08:58:13,23-40 20 21: Toilet and Bath Specialties,Mirror 455mm x 915mm,Fixed,n/a,n/a,n/a,n/a,n/a,n/a,year,"Autodesk Revit 2014, Build: 20131024_2115(x64)",Autodesk.Revit.DB.FamilySymbol,4eb2de81-d10d-4112-88b5-6bf55cdb7081-000e3623,n/a,n/a,year,n/a,n/a,n/a,n/a,n/a,n/a,n/a,n/a,n/a,n/a,n/a,n/a,n/a,n/a,n/a,n/a,n/a,n/a,
BLOOD GAS ANALYZER,danielle.r.love@usace.army.mil,2013-12-30T08:58:13,23-40 70 11 14 11: Medical Equipment,BLOOD GAS ANALYZER,Fixed,n/a,n/a,n/a,n/a,n/a,n/a,year,"Autodesk Revit 2014, Build: 20131024_2115(x64)",Autodesk.Revit.DB.FamilySymbol,7caca626-a95d-446a-a36d-72ddf39db4ec-000df7f5,n/a,n/a,year,n/a,n/a,n/a,n/a,n/a,n/a,n/a,n/a,n/a,n/a,n/a,n/a,n/a,n/a,n/a,n/a,n/a,n/a,
PH Meter,danielle.r.love@usace.army.mil,2013-12-30T08:58:13,23-40 70 11 14 11: Medical Equipment,PH Meter,Fixed,n/a,n/a,n/a,n/a,n/a,n/a,year,"Autodesk Revit 2014, Build: 20131024_2115(x64)",Autodesk.Revit.DB.FamilySymbol,24dfde27-f9f7-430a-965e-ed98f6fbea47-000dff40,n/a,n/a,year,n/a,n/a,n/a,n/a,n/a,n/a,n/a,n/a,n/a,n/a,n/a,n/a,n/a,n/a,n/a,n/a,n/a,n/a,
PH MONITOR,danielle.r.love@usace.army.mil,2013-12-30T08:58:13,23-40 70 11 14 11: Medical Equipment,PH MONITOR,Fixed,n/a,n/a,n/a,n/a,n/a,n/a,year,"Autodesk Revit 2014, Build: 20131024_2115(x64)",Autodesk.Revit.DB.FamilySymbol,24dfde27-f9f7-430a-965e-ed98f6fbea47-000dff4e,n/a,n/a,year,n/a,n/a,n/a,n/a,n/a,n/a,n/a,n/a,n/a,n/a,n/a,n/a,n/a,n/a,n/a,n/a,n/a,n/a,
X-Ray,danielle.r.love@usace.army.mil,2013-12-30T08:58:13,23-40 70 11 14 11 27: Radiology Equipment,X-Ray Machine,Fixed,n/a,n/a,n/a,n/a,n/a,n/a,year,"Autodesk Revit 2014, Build: 20131024_2115(x64)",Autodesk.Revit.DB.FamilySymbol,8a99b7e6-0d53-4b97-ba23-1728d875e66f-000e0f2e,n/a,n/a,year,n/a,n/a,n/a,n/a,n/a,n/a,n/a,n/a,n/a,n/a,n/a,n/a,n/a,n/a,n/a,n/a,n/a,n/a,
Equip-A5080,bill.east@us.army.mil,2013-12-30T08:58:13,23-40 20 21 17: Paper Towel Dispensers: Disposal Units,Paper Towel Dispenser,Fixed,n/a,250-150000,n/a,n/a,n/a,n/a,year,"Autodesk Revit 2014, Build: 20131024_2115(x64)",Autodesk.Revit.DB.FamilySymbol,d9079e83-98c0-4847-a08d-86b475140fb2-000e23bc,n/a,n/a,year,n/a,n/a,n/a,n/a,n/a,n/a,n/a,n/a,n/a,n/a,n/a,n/a,n/a,n/a,n/a,n/a,n/a,n/a,
Equip-A5075,bill.east@us.army.mil,2013-12-30T08:58:13,23-40 20 21 34: Soap Holders: Dispensers,Soap Dispenser,Fixed,n/a,6A00-11,n/a,n/a,n/a,n/a,year,"Autodesk Revit 2014, Build: 20131024_2115(x64)",Autodesk.Revit.DB.FamilySymbol,d9079e83-98c0-4847-a08d-86b475140fb2-000e297d,n/a,n/a,year,n/a,n/a,n/a,n/a,n/a,n/a,n/a,n/a,n/a,n/a,n/a,n/a,n/a,n/a,n/a,n/a,n/a,n/a,
Equip-D8250,bill.east@us.army.mil,2013-12-30T08:58:13,23-40 70 11 14 11: Medical Equipment,Unit-Dental-Opera,Fixed,n/a,I.V. Cart,n/a,n/a,n/a,n/a,year,"Autodesk Revit 2014, Build: 20131024_2115(x64)",Autodesk.Revit.DB.FamilySymbol,817e7bc4-9a76-41b6-a655-895d20817a6c-000e3483,n/a,n/a,year,n/a,n/a,n/a,n/a,n/a,n/a,n/a,n/a,n/a,n/a,n/a,n/a,n/a,n/a,n/a,n/a,n/a,n/a,
Equip-D6000,bill.east@us.army.mil,2013-12-30T08:58:13,23-80 70: Lighting,Light-Dental,Fixed,n/a,n/a,n/a,n/a,n/a,n/a,year,"Autodesk Revit 2014, Build: 20131024_2115(x64)",Autodesk.Revit.DB.FamilySymbol,4eb2de81-d10d-4112-88b5-6bf55cdb7081-000e4c80,n/a,n/a,year,n/a,n/a,n/a,n/a,n/a,n/a,n/a,n/a,n/a,n/a,n/a,n/a,n/a,n/a,n/a,n/a,n/a,n/a,
Equip-D9060,bill.east@us.army.mil,2013-12-30T08:58:13,23-40 70 11 14 11: Medical Equipment,Prophylaxis Unit-Ultrasonic,Fixed,n/a,n/a,n/a,n/a,n/a,n/a,year,"Autodesk Revit 2014, Build: 20131024_2115(x64)",Autodesk.Revit.DB.FamilySymbol,3e320d0c-b4dc-4712-8298-6570b9115860-000e5065,n/a,n/a,year,n/a,n/a,n/a,n/a,n/a,n/a,n/a,n/a,n/a,n/a,n/a,n/a,n/a,n/a,n/a,n/a,n/a,n/a,
Equip-D9622,bill.east@us.army.mil,2013-12-30T08:58:13,23-20 40 11 11 21: Inserts,Insert-Tray 380 x 355,Fixed,n/a,n/a,n/a,n/a,n/a,n/a,year,"Autodesk Revit 2014, Build: 20131024_2115(x64)",Autodesk.Revit.DB.FamilySymbol,0a5c2cdc-3e73-4a51-af87-05352c1c51cd-000e5d36,n/a,n/a,year,n/a,n/a,n/a,n/a,n/a,n/a,n/a,n/a,n/a,n/a,n/a,n/a,n/a,n/a,n/a,n/a,n/a,n/a,
Equip-D9890,bill.east@us.army.mil,2013-12-30T08:58:13,23-20 40 11 11 21: Inserts,Insert-Tray,Fixed,n/a,n/a,n/a,n/a,n/a,n/a,year,"Autodesk Revit 2014, Build: 20131024_2115(x64)",Autodesk.Revit.DB.FamilySymbol,0a5c2cdc-3e73-4a51-af87-05352c1c51cd-000e5e2c,n/a,n/a,year,n/a,n/a,n/a,n/a,n/a,n/a,n/a,n/a,n/a,n/a,n/a,n/a,n/a,n/a,n/a,n/a,n/a,n/a,
Fire Sprinkler,danielle.r.love@usace.army.mil,2013-12-30T08:58:13,23-65 70 17 11 24: Fire Fighting Sprinkler Heads,15 mm Pendent,Fixed,n/a,n/a,n/a,n/a,n/a,n/a,year,"Autodesk Revit 2014, Build: 20131024_2115(x64)",Autodesk.Revit.DB.FamilySymbol,4ec17585-c36e-4cc3-8301-61df48a06d7e-000c89c2,n/a,n/a,year,n/a,n/a,n/a,n/a,n/a,n/a,n/a,n/a,n/a,n/a,n/a,n/a,n/a,n/a,n/a,n/a,n/a,n/a,
Window Type W9,mariangelica.carrasquillo@usace.army.mil,2013-12-30T08:58:13,23-30 20 17 11: Fixed Windows,Aluminum Store Front with Fixed Glass Panels,Fixed,n/a,n/a,n/a,n/a,n/a,n/a,year,"Autodesk Revit 2014, Build: 20131024_2115(x64)",Autodesk.Revit.DB.WallType,727f8716-c957-4187-b781-5c6e13efc5c3-00078f56,n/a,20,year,n/a,n/a,4028,n/a,n/a,n/a,n/a,n/a,n/a,n/a,Aluminum,n/a,n/a,n/a,n/a,n/a,n/a,n/a,
Window Type W7,mariangelica.carrasquillo@usace.army.mil,2013-12-30T08:58:13,23-30 20 17 11: Fixed Windows,Aluminum Store Front with Fixed Glass Panels,Fixed,n/a,n/a,n/a,n/a,n/a,n/a,year,"Autodesk Revit 2014, Build: 20131024_2115(x64)",Autodesk.Revit.DB.WallType,727f8716-c957-4187-b781-5c6e13efc5c3-00078fc4,n/a,20,year,n/a,n/a,5844,n/a,n/a,n/a,n/a,n/a,n/a,n/a,Aluminum,n/a,n/a,n/a,n/a,n/a,n/a,n/a,
Window Type W6,mariangelica.carrasquillo@usace.army.mil,2013-12-30T08:58:13,23-30 20 17 11: Fixed Windows,Aluminum Store Front with Fixed Glass Panels,Fixed,n/a,n/a,n/a,n/a,n/a,n/a,year,"Autodesk Revit 2014, Build: 20131024_2115(x64)",Autodesk.Revit.DB.WallType,727f8716-c957-4187-b781-5c6e13efc5c3-0007904c,n/a,20,year,n/a,n/a,3876,n/a,n/a,n/a,n/a,n/a,n/a,n/a,Aluminum,n/a,n/a,n/a,n/a,n/a,n/a,n/a,
Window Type W4,mariangelica.carrasquillo@usace.army.mil,2013-12-30T08:58:13,23-30 20 17 11: Fixed Windows,Aluminum Window Wall with Fixed Glass Panels,Fixed,n/a,n/a,n/a,n/a,n/a,n/a,year,"Autodesk Revit 2014, Build: 20131024_2115(x64)",Autodesk.Revit.DB.WallType,727f8716-c957-4187-b781-5c6e13efc5c3-000790b0,n/a,20,year,n/a,n/a,1000,5000,n/a,rectangular,n/a,n/a,n/a,n/a,Aluminum,n/a,n/a,n/a,n/a,n/a,n/a,n/a,
Window Type W3,mariangelica.carrasquillo@usace.army.mil,2013-12-30T08:58:13,23-30 20 17 11: Fixed Windows,Aluminum Window Wall with Fixed Glass Panels,Fixed,n/a,n/a,n/a,n/a,n/a,n/a,year,"Autodesk Revit 2014, Build: 20131024_2115(x64)",Autodesk.Revit.DB.WallType,d9f2282d-c97f-400d-b4f0-291c1369f2af-00079212,n/a,20,year,n/a,n/a,1000,4000,n/a,rectangular,n/a,n/a,n/a,n/a,Aluminum,n/a,n/a,n/a,n/a,n/a,n/a,n/a,
Window Type W13,mariangelica.carrasquillo@usace.army.mil,2013-12-30T08:58:13,23-30 20 17 11: Fixed Windows,Aluminum Window Wall with Fixed Glass Panels,Fixed,n/a,n/a,n/a,n/a,n/a,n/a,year,"Autodesk Revit 2014, Build: 20131024_2115(x64)",Autodesk.Revit.DB.WallType,d9f2282d-c97f-400d-b4f0-291c1369f2af-0007924e,n/a,20,year,n/a,n/a,6805,n/a,n/a,n/a,n/a,n/a,n/a,n/a,Aluminum,n/a,n/a,n/a,n/a,n/a,n/a,n/a,
Window Type W10,mariangelica.carrasquillo@usace.army.mil,2013-12-30T08:58:13,23-30 20 17 11: Fixed Windows,Aluminum Window Wall with Fixed Glass Panels,Fixed,n/a,n/a,n/a,n/a,n/a,n/a,year,"Autodesk Revit 2014, Build: 20131024_2115(x64)",Autodesk.Revit.DB.WallType,d9f2282d-c97f-400d-b4f0-291c1369f2af-000792aa,n/a,20,year,n/a,n/a,6805,n/a,n/a,n/a,n/a,n/a,n/a,n/a,Aluminum,n/a,n/a,n/a,n/a,n/a,n/a,n/a,
Window Type W11,mariangelica.carrasquillo@usace.army.mil,2013-12-30T08:58:13,23-30 20 17 11: Fixed Windows,Aluminum Window Wall with Fixed Glass Panels,Fixed,n/a,n/a,n/a,n/a,n/a,n/a,year,"Autodesk Revit 2014, Build: 20131024_2115(x64)",Autodesk.Revit.DB.WallType,c1dad0fd-d66b-4e68-abb8-b5337b531422-00079310,n/a,20,year,n/a,n/a,4220,n/a,n/a,n/a,n/a,n/a,n/a,n/a,Aluminum,n/a,n/a,n/a,n/a,n/a,n/a,n/a,
Window Type W12,mariangelica.carrasquillo@usace.army.mil,2013-12-30T08:58:13,23-30 20 17 11: Fixed Windows,Aluminum Window Wall with Fixed Glass Panels,Fixed,n/a,n/a,n/a,n/a,n/a,n/a,year,"Autodesk Revit 2014, Build: 20131024_2115(x64)",Autodesk.Revit.DB.WallType,c1dad0fd-d66b-4e68-abb8-b5337b531422-000793d5,n/a,20,year,n/a,n/a,4220,n/a,n/a,n/a,n/a,n/a,n/a,n/a,Aluminum,n/a,n/a,n/a,n/a,n/a,n/a,n/a,
Window Type W5,mariangelica.carrasquillo@usace.army.mil,2013-12-30T08:58:13,23-30 20 17 11: Fixed Windows,Aluminum Store Front with Fixed Glass Panels,Fixed,n/a,n/a,n/a,n/a,n/a,n/a,year,"Autodesk Revit 2014, Build: 20131024_2115(x64)",Autodesk.Revit.DB.WallType,720e7659-a37f-44a9-ba9e-ddfbaea3c757-000796ed,n/a,20,year,n/a,n/a,3870,n/a,n/a,n/a,n/a,n/a,n/a,n/a,Aluminum,n/a,n/a,n/a,n/a,n/a,n/a,n/a,
Window Type W8,mariangelica.carrasquillo@usace.army.mil,2013-12-30T08:58:13,23-30 20 17 11: Fixed Windows,Aluminum Store Front with Fixed Glass Panels,Fixed,n/a,n/a,n/a,n/a,n/a,n/a,year,"Autodesk Revit 2014, Build: 20131024_2115(x64)",Autodesk.Revit.DB.WallType,720e7659-a37f-44a9-ba9e-ddfbaea3c757-00079d71,n/a,20,year,n/a,n/a,7868,n/a,n/a,n/a,n/a,n/a,n/a,n/a,Aluminum,n/a,n/a,n/a,n/a,n/a,n/a,n/a,
Window Type W1,mariangelica.carrasquillo@usace.army.mil,2013-12-30T08:58:13,23-30 20 17 11: Fixed Windows,Aluminum Window Wall with Fixed Glass Panels,Fixed,n/a,n/a,n/a,n/a,n/a,n/a,year,"Autodesk Revit 2014, Build: 20131024_2115(x64)",Autodesk.Revit.DB.FamilySymbol,aafda8f3-6109-4b7b-b717-efe8eaeedf8d-0003dc91,n/a,n/a,year,n/a,n/a,1000,1735,n/a,rectangular,n/a,n/a,n/a,n/a,n/a,Aluminum,n/a,n/a,n/a,n/a,n/a,n/a,
