Name,CreatedBy,CreatedOn,Category,SpaceNames,ExtSystem,ExtObject,ExtIdentifier,Description,,,,,,,,,,
Administration,danielle.r.love@usace.army.mil,2014-01-03T06:01:56,Occupancy Zone,1A01,"Autodesk Revit 2014, Build: 20131024_2115(x64)",RDES.Revit.COBie.COBieExtension.ZoneManager.ZoneData,f5787d01-ee41-4564-9d5d-53bd0035dd68,Administration Department,,,,,,,,,,
Administration,danielle.r.love@usace.army.mil,2014-01-03T06:01:56,Occupancy Zone,1A02,"Autodesk Revit 2014, Build: 20131024_2115(x64)",RDES.Revit.COBie.COBieExtension.ZoneManager.ZoneData,f5787d01-ee41-4564-9d5d-53bd0035dd68,Administration Department,,,,,,,,,,
Administration,danielle.r.love@usace.army.mil,2014-01-03T06:01:56,Occupancy Zone,1A03,"Autodesk Revit 2014, Build: 20131024_2115(x64)",RDES.Revit.COBie.COBieExtension.ZoneManager.ZoneData,f5787d01-ee41-4564-9d5d-53bd0035dd68,Administration Department,,,,,,,,,,
Administration,danielle.r.love@usace.army.mil,2014-01-03T06:01:56,Occupancy Zone,1A04,"Autodesk Revit 2014, Build: 20131024_2115(x64)",RDES.Revit.COBie.COBieExtension.ZoneManager.ZoneData,f5787d01-ee41-4564-9d5d-53bd0035dd68,Administration Department,,,,,,,,,,
Administration,danielle.r.love@usace.army.mil,2014-01-03T06:01:56,Occupancy Zone,1A05,"Autodesk Revit 2014, Build: 20131024_2115(x64)",RDES.Revit.COBie.COBieExtension.ZoneManager.ZoneData,f5787d01-ee41-4564-9d5d-53bd0035dd68,Administration Department,,,,,,,,,,
Administration,danielle.r.love@usace.army.mil,2014-01-03T06:01:56,Occupancy Zone,1A06,"Autodesk Revit 2014, Build: 20131024_2115(x64)",RDES.Revit.COBie.COBieExtension.ZoneManager.ZoneData,f5787d01-ee41-4564-9d5d-53bd0035dd68,Administration Department,,,,,,,,,,
Administration,danielle.r.love@usace.army.mil,2014-01-03T06:01:56,Occupancy Zone,1A07,"Autodesk Revit 2014, Build: 20131024_2115(x64)",RDES.Revit.COBie.COBieExtension.ZoneManager.ZoneData,f5787d01-ee41-4564-9d5d-53bd0035dd68,Administration Department,,,,,,,,,,
Biomedical,danielle.r.love@usace.army.mil,2014-01-03T06:02:27,Occupancy Zone,1E16,"Autodesk Revit 2014, Build: 20131024_2115(x64)",RDES.Revit.COBie.COBieExtension.ZoneManager.ZoneData,fd286dca-f787-4bab-9720-353d02c8ce81,Biomedical Department,,,,,,,,,,
Biomedical,danielle.r.love@usace.army.mil,2014-01-03T06:02:27,Occupancy Zone,1E18,"Autodesk Revit 2014, Build: 20131024_2115(x64)",RDES.Revit.COBie.COBieExtension.ZoneManager.ZoneData,fd286dca-f787-4bab-9720-353d02c8ce81,Biomedical Department,,,,,,,,,,
Circulation,danielle.r.love@usace.army.mil,2014-01-03T06:02:58,Occupancy Zone,1AC1,"Autodesk Revit 2014, Build: 20131024_2115(x64)",RDES.Revit.COBie.COBieExtension.ZoneManager.ZoneData,be3d2742-44db-41fa-9ca1-838b02deee88,Circulation Area,,,,,,,,,,
Circulation,danielle.r.love@usace.army.mil,2014-01-03T06:02:58,Occupancy Zone,1AC2,"Autodesk Revit 2014, Build: 20131024_2115(x64)",RDES.Revit.COBie.COBieExtension.ZoneManager.ZoneData,be3d2742-44db-41fa-9ca1-838b02deee88,Circulation Area,,,,,,,,,,
Circulation,danielle.r.love@usace.army.mil,2014-01-03T06:02:58,Occupancy Zone,1AC3,"Autodesk Revit 2014, Build: 20131024_2115(x64)",RDES.Revit.COBie.COBieExtension.ZoneManager.ZoneData,be3d2742-44db-41fa-9ca1-838b02deee88,Circulation Area,,,,,,,,,,
Circulation,danielle.r.love@usace.army.mil,2014-01-03T06:02:58,Occupancy Zone,1AC4,"Autodesk Revit 2014, Build: 20131024_2115(x64)",RDES.Revit.COBie.COBieExtension.ZoneManager.ZoneData,be3d2742-44db-41fa-9ca1-838b02deee88,Circulation Area,,,,,,,,,,
Circulation,danielle.r.love@usace.army.mil,2014-01-03T06:02:58,Occupancy Zone,1AC5,"Autodesk Revit 2014, Build: 20131024_2115(x64)",RDES.Revit.COBie.COBieExtension.ZoneManager.ZoneData,be3d2742-44db-41fa-9ca1-838b02deee88,Circulation Area,,,,,,,,,,
Circulation,danielle.r.love@usace.army.mil,2014-01-03T06:02:58,Occupancy Zone,1AS1,"Autodesk Revit 2014, Build: 20131024_2115(x64)",RDES.Revit.COBie.COBieExtension.ZoneManager.ZoneData,be3d2742-44db-41fa-9ca1-838b02deee88,Circulation Area,,,,,,,,,,
Circulation,danielle.r.love@usace.army.mil,2014-01-03T06:02:58,Occupancy Zone,1BC1,"Autodesk Revit 2014, Build: 20131024_2115(x64)",RDES.Revit.COBie.COBieExtension.ZoneManager.ZoneData,be3d2742-44db-41fa-9ca1-838b02deee88,Circulation Area,,,,,,,,,,
Circulation,danielle.r.love@usace.army.mil,2014-01-03T06:02:58,Occupancy Zone,1BC2,"Autodesk Revit 2014, Build: 20131024_2115(x64)",RDES.Revit.COBie.COBieExtension.ZoneManager.ZoneData,be3d2742-44db-41fa-9ca1-838b02deee88,Circulation Area,,,,,,,,,,
Circulation,danielle.r.love@usace.army.mil,2014-01-03T06:02:58,Occupancy Zone,1BC3,"Autodesk Revit 2014, Build: 20131024_2115(x64)",RDES.Revit.COBie.COBieExtension.ZoneManager.ZoneData,be3d2742-44db-41fa-9ca1-838b02deee88,Circulation Area,,,,,,,,,,
Circulation,danielle.r.love@usace.army.mil,2014-01-03T06:02:58,Occupancy Zone,1BC4,"Autodesk Revit 2014, Build: 20131024_2115(x64)",RDES.Revit.COBie.COBieExtension.ZoneManager.ZoneData,be3d2742-44db-41fa-9ca1-838b02deee88,Circulation Area,,,,,,,,,,
Circulation,danielle.r.love@usace.army.mil,2014-01-03T06:02:58,Occupancy Zone,1BS2,"Autodesk Revit 2014, Build: 20131024_2115(x64)",RDES.Revit.COBie.COBieExtension.ZoneManager.ZoneData,be3d2742-44db-41fa-9ca1-838b02deee88,Circulation Area,,,,,,,,,,
Circulation,danielle.r.love@usace.army.mil,2014-01-03T06:02:58,Occupancy Zone,1CC1,"Autodesk Revit 2014, Build: 20131024_2115(x64)",RDES.Revit.COBie.COBieExtension.ZoneManager.ZoneData,be3d2742-44db-41fa-9ca1-838b02deee88,Circulation Area,,,,,,,,,,
Circulation,danielle.r.love@usace.army.mil,2014-01-03T06:02:58,Occupancy Zone,1CC2,"Autodesk Revit 2014, Build: 20131024_2115(x64)",RDES.Revit.COBie.COBieExtension.ZoneManager.ZoneData,be3d2742-44db-41fa-9ca1-838b02deee88,Circulation Area,,,,,,,,,,
Circulation,danielle.r.love@usace.army.mil,2014-01-03T06:02:58,Occupancy Zone,1CC3,"Autodesk Revit 2014, Build: 20131024_2115(x64)",RDES.Revit.COBie.COBieExtension.ZoneManager.ZoneData,be3d2742-44db-41fa-9ca1-838b02deee88,Circulation Area,,,,,,,,,,
Circulation,danielle.r.love@usace.army.mil,2014-01-03T06:02:58,Occupancy Zone,1CS3,"Autodesk Revit 2014, Build: 20131024_2115(x64)",RDES.Revit.COBie.COBieExtension.ZoneManager.ZoneData,be3d2742-44db-41fa-9ca1-838b02deee88,Circulation Area,,,,,,,,,,
Circulation,danielle.r.love@usace.army.mil,2014-01-03T06:02:58,Occupancy Zone,1DC1,"Autodesk Revit 2014, Build: 20131024_2115(x64)",RDES.Revit.COBie.COBieExtension.ZoneManager.ZoneData,be3d2742-44db-41fa-9ca1-838b02deee88,Circulation Area,,,,,,,,,,
Circulation,danielle.r.love@usace.army.mil,2014-01-03T06:02:58,Occupancy Zone,1DC2,"Autodesk Revit 2014, Build: 20131024_2115(x64)",RDES.Revit.COBie.COBieExtension.ZoneManager.ZoneData,be3d2742-44db-41fa-9ca1-838b02deee88,Circulation Area,,,,,,,,,,
Circulation,danielle.r.love@usace.army.mil,2014-01-03T06:02:58,Occupancy Zone,1DC3,"Autodesk Revit 2014, Build: 20131024_2115(x64)",RDES.Revit.COBie.COBieExtension.ZoneManager.ZoneData,be3d2742-44db-41fa-9ca1-838b02deee88,Circulation Area,,,,,,,,,,
Circulation,danielle.r.love@usace.army.mil,2014-01-03T06:02:58,Occupancy Zone,1DC4,"Autodesk Revit 2014, Build: 20131024_2115(x64)",RDES.Revit.COBie.COBieExtension.ZoneManager.ZoneData,be3d2742-44db-41fa-9ca1-838b02deee88,Circulation Area,,,,,,,,,,
Circulation,danielle.r.love@usace.army.mil,2014-01-03T06:02:58,Occupancy Zone,1DC5,"Autodesk Revit 2014, Build: 20131024_2115(x64)",RDES.Revit.COBie.COBieExtension.ZoneManager.ZoneData,be3d2742-44db-41fa-9ca1-838b02deee88,Circulation Area,,,,,,,,,,
Circulation,danielle.r.love@usace.army.mil,2014-01-03T06:02:58,Occupancy Zone,1DC6,"Autodesk Revit 2014, Build: 20131024_2115(x64)",RDES.Revit.COBie.COBieExtension.ZoneManager.ZoneData,be3d2742-44db-41fa-9ca1-838b02deee88,Circulation Area,,,,,,,,,,
Circulation,danielle.r.love@usace.army.mil,2014-01-03T06:02:58,Occupancy Zone,1DC7,"Autodesk Revit 2014, Build: 20131024_2115(x64)",RDES.Revit.COBie.COBieExtension.ZoneManager.ZoneData,be3d2742-44db-41fa-9ca1-838b02deee88,Circulation Area,,,,,,,,,,
Circulation,danielle.r.love@usace.army.mil,2014-01-03T06:02:58,Occupancy Zone,1DC8,"Autodesk Revit 2014, Build: 20131024_2115(x64)",RDES.Revit.COBie.COBieExtension.ZoneManager.ZoneData,be3d2742-44db-41fa-9ca1-838b02deee88,Circulation Area,,,,,,,,,,
Circulation,danielle.r.love@usace.army.mil,2014-01-03T06:02:58,Occupancy Zone,1EC1,"Autodesk Revit 2014, Build: 20131024_2115(x64)",RDES.Revit.COBie.COBieExtension.ZoneManager.ZoneData,be3d2742-44db-41fa-9ca1-838b02deee88,Circulation Area,,,,,,,,,,
Circulation,danielle.r.love@usace.army.mil,2014-01-03T06:02:58,Occupancy Zone,1EC2,"Autodesk Revit 2014, Build: 20131024_2115(x64)",RDES.Revit.COBie.COBieExtension.ZoneManager.ZoneData,be3d2742-44db-41fa-9ca1-838b02deee88,Circulation Area,,,,,,,,,,
Circulation,danielle.r.love@usace.army.mil,2014-01-03T06:02:58,Occupancy Zone,1EC3,"Autodesk Revit 2014, Build: 20131024_2115(x64)",RDES.Revit.COBie.COBieExtension.ZoneManager.ZoneData,be3d2742-44db-41fa-9ca1-838b02deee88,Circulation Area,,,,,,,,,,
Circulation,danielle.r.love@usace.army.mil,2014-01-03T06:02:58,Occupancy Zone,1EC4,"Autodesk Revit 2014, Build: 20131024_2115(x64)",RDES.Revit.COBie.COBieExtension.ZoneManager.ZoneData,be3d2742-44db-41fa-9ca1-838b02deee88,Circulation Area,,,,,,,,,,
Circulation,danielle.r.love@usace.army.mil,2014-01-03T06:02:58,Occupancy Zone,2AC1,"Autodesk Revit 2014, Build: 20131024_2115(x64)",RDES.Revit.COBie.COBieExtension.ZoneManager.ZoneData,be3d2742-44db-41fa-9ca1-838b02deee88,Circulation Area,,,,,,,,,,
Circulation,danielle.r.love@usace.army.mil,2014-01-03T06:02:58,Occupancy Zone,2AC2,"Autodesk Revit 2014, Build: 20131024_2115(x64)",RDES.Revit.COBie.COBieExtension.ZoneManager.ZoneData,be3d2742-44db-41fa-9ca1-838b02deee88,Circulation Area,,,,,,,,,,
Circulation,danielle.r.love@usace.army.mil,2014-01-03T06:02:58,Occupancy Zone,2AC3,"Autodesk Revit 2014, Build: 20131024_2115(x64)",RDES.Revit.COBie.COBieExtension.ZoneManager.ZoneData,be3d2742-44db-41fa-9ca1-838b02deee88,Circulation Area,,,,,,,,,,
Circulation,danielle.r.love@usace.army.mil,2014-01-03T06:02:58,Occupancy Zone,2AC4,"Autodesk Revit 2014, Build: 20131024_2115(x64)",RDES.Revit.COBie.COBieExtension.ZoneManager.ZoneData,be3d2742-44db-41fa-9ca1-838b02deee88,Circulation Area,,,,,,,,,,
Circulation,danielle.r.love@usace.army.mil,2014-01-03T06:02:58,Occupancy Zone,2AC5,"Autodesk Revit 2014, Build: 20131024_2115(x64)",RDES.Revit.COBie.COBieExtension.ZoneManager.ZoneData,be3d2742-44db-41fa-9ca1-838b02deee88,Circulation Area,,,,,,,,,,
Circulation,danielle.r.love@usace.army.mil,2014-01-03T06:02:58,Occupancy Zone,2AS1,"Autodesk Revit 2014, Build: 20131024_2115(x64)",RDES.Revit.COBie.COBieExtension.ZoneManager.ZoneData,be3d2742-44db-41fa-9ca1-838b02deee88,Circulation Area,,,,,,,,,,
Circulation,danielle.r.love@usace.army.mil,2014-01-03T06:02:58,Occupancy Zone,2BC1,"Autodesk Revit 2014, Build: 20131024_2115(x64)",RDES.Revit.COBie.COBieExtension.ZoneManager.ZoneData,be3d2742-44db-41fa-9ca1-838b02deee88,Circulation Area,,,,,,,,,,
Circulation,danielle.r.love@usace.army.mil,2014-01-03T06:02:58,Occupancy Zone,2BC2,"Autodesk Revit 2014, Build: 20131024_2115(x64)",RDES.Revit.COBie.COBieExtension.ZoneManager.ZoneData,be3d2742-44db-41fa-9ca1-838b02deee88,Circulation Area,,,,,,,,,,
Circulation,danielle.r.love@usace.army.mil,2014-01-03T06:02:58,Occupancy Zone,2BC3,"Autodesk Revit 2014, Build: 20131024_2115(x64)",RDES.Revit.COBie.COBieExtension.ZoneManager.ZoneData,be3d2742-44db-41fa-9ca1-838b02deee88,Circulation Area,,,,,,,,,,
Circulation,danielle.r.love@usace.army.mil,2014-01-03T06:02:58,Occupancy Zone,2BC4,"Autodesk Revit 2014, Build: 20131024_2115(x64)",RDES.Revit.COBie.COBieExtension.ZoneManager.ZoneData,be3d2742-44db-41fa-9ca1-838b02deee88,Circulation Area,,,,,,,,,,
Circulation,danielle.r.love@usace.army.mil,2014-01-03T06:02:58,Occupancy Zone,2BC5,"Autodesk Revit 2014, Build: 20131024_2115(x64)",RDES.Revit.COBie.COBieExtension.ZoneManager.ZoneData,be3d2742-44db-41fa-9ca1-838b02deee88,Circulation Area,,,,,,,,,,
Circulation,danielle.r.love@usace.army.mil,2014-01-03T06:02:58,Occupancy Zone,2BC6,"Autodesk Revit 2014, Build: 20131024_2115(x64)",RDES.Revit.COBie.COBieExtension.ZoneManager.ZoneData,be3d2742-44db-41fa-9ca1-838b02deee88,Circulation Area,,,,,,,,,,
Circulation,danielle.r.love@usace.army.mil,2014-01-03T06:02:58,Occupancy Zone,2BS2,"Autodesk Revit 2014, Build: 20131024_2115(x64)",RDES.Revit.COBie.COBieExtension.ZoneManager.ZoneData,be3d2742-44db-41fa-9ca1-838b02deee88,Circulation Area,,,,,,,,,,
Circulation,danielle.r.love@usace.army.mil,2014-01-03T06:02:58,Occupancy Zone,2CC1,"Autodesk Revit 2014, Build: 20131024_2115(x64)",RDES.Revit.COBie.COBieExtension.ZoneManager.ZoneData,be3d2742-44db-41fa-9ca1-838b02deee88,Circulation Area,,,,,,,,,,
Circulation,danielle.r.love@usace.army.mil,2014-01-03T06:02:58,Occupancy Zone,2CC3,"Autodesk Revit 2014, Build: 20131024_2115(x64)",RDES.Revit.COBie.COBieExtension.ZoneManager.ZoneData,be3d2742-44db-41fa-9ca1-838b02deee88,Circulation Area,,,,,,,,,,
Circulation,danielle.r.love@usace.army.mil,2014-01-03T06:02:58,Occupancy Zone,2CC4,"Autodesk Revit 2014, Build: 20131024_2115(x64)",RDES.Revit.COBie.COBieExtension.ZoneManager.ZoneData,be3d2742-44db-41fa-9ca1-838b02deee88,Circulation Area,,,,,,,,,,
Circulation,danielle.r.love@usace.army.mil,2014-01-03T06:02:58,Occupancy Zone,2CC2,"Autodesk Revit 2014, Build: 20131024_2115(x64)",RDES.Revit.COBie.COBieExtension.ZoneManager.ZoneData,be3d2742-44db-41fa-9ca1-838b02deee88,Circulation Area,,,,,,,,,,
Circulation,danielle.r.love@usace.army.mil,2014-01-03T06:02:58,Occupancy Zone,2CC5,"Autodesk Revit 2014, Build: 20131024_2115(x64)",RDES.Revit.COBie.COBieExtension.ZoneManager.ZoneData,be3d2742-44db-41fa-9ca1-838b02deee88,Circulation Area,,,,,,,,,,
Circulation,danielle.r.love@usace.army.mil,2014-01-03T06:02:58,Occupancy Zone,2CS3,"Autodesk Revit 2014, Build: 20131024_2115(x64)",RDES.Revit.COBie.COBieExtension.ZoneManager.ZoneData,be3d2742-44db-41fa-9ca1-838b02deee88,Circulation Area,,,,,,,,,,
Circulation,danielle.r.love@usace.army.mil,2014-01-03T06:02:58,Occupancy Zone,2DC1,"Autodesk Revit 2014, Build: 20131024_2115(x64)",RDES.Revit.COBie.COBieExtension.ZoneManager.ZoneData,be3d2742-44db-41fa-9ca1-838b02deee88,Circulation Area,,,,,,,,,,
Circulation,danielle.r.love@usace.army.mil,2014-01-03T06:02:58,Occupancy Zone,2DC2,"Autodesk Revit 2014, Build: 20131024_2115(x64)",RDES.Revit.COBie.COBieExtension.ZoneManager.ZoneData,be3d2742-44db-41fa-9ca1-838b02deee88,Circulation Area,,,,,,,,,,
Circulation,danielle.r.love@usace.army.mil,2014-01-03T06:02:58,Occupancy Zone,E1,"Autodesk Revit 2014, Build: 20131024_2115(x64)",RDES.Revit.COBie.COBieExtension.ZoneManager.ZoneData,be3d2742-44db-41fa-9ca1-838b02deee88,Circulation Area,,,,,,,,,,
Dental,danielle.r.love@usace.army.mil,2014-01-03T06:03:18,Occupancy Zone,2A01,"Autodesk Revit 2014, Build: 20131024_2115(x64)",RDES.Revit.COBie.COBieExtension.ZoneManager.ZoneData,40dfceb7-cf1c-4008-bfb6-0278232a5f7d,Dental Department,,,,,,,,,,
Dental,danielle.r.love@usace.army.mil,2014-01-03T06:03:18,Occupancy Zone,2A02,"Autodesk Revit 2014, Build: 20131024_2115(x64)",RDES.Revit.COBie.COBieExtension.ZoneManager.ZoneData,40dfceb7-cf1c-4008-bfb6-0278232a5f7d,Dental Department,,,,,,,,,,
Dental,danielle.r.love@usace.army.mil,2014-01-03T06:03:18,Occupancy Zone,2A03,"Autodesk Revit 2014, Build: 20131024_2115(x64)",RDES.Revit.COBie.COBieExtension.ZoneManager.ZoneData,40dfceb7-cf1c-4008-bfb6-0278232a5f7d,Dental Department,,,,,,,,,,
Dental,danielle.r.love@usace.army.mil,2014-01-03T06:03:18,Occupancy Zone,2A04,"Autodesk Revit 2014, Build: 20131024_2115(x64)",RDES.Revit.COBie.COBieExtension.ZoneManager.ZoneData,40dfceb7-cf1c-4008-bfb6-0278232a5f7d,Dental Department,,,,,,,,,,
Dental,danielle.r.love@usace.army.mil,2014-01-03T06:03:18,Occupancy Zone,2A05,"Autodesk Revit 2014, Build: 20131024_2115(x64)",RDES.Revit.COBie.COBieExtension.ZoneManager.ZoneData,40dfceb7-cf1c-4008-bfb6-0278232a5f7d,Dental Department,,,,,,,,,,
Dental,danielle.r.love@usace.army.mil,2014-01-03T06:03:18,Occupancy Zone,2A06,"Autodesk Revit 2014, Build: 20131024_2115(x64)",RDES.Revit.COBie.COBieExtension.ZoneManager.ZoneData,40dfceb7-cf1c-4008-bfb6-0278232a5f7d,Dental Department,,,,,,,,,,
Dental,danielle.r.love@usace.army.mil,2014-01-03T06:03:18,Occupancy Zone,2A07,"Autodesk Revit 2014, Build: 20131024_2115(x64)",RDES.Revit.COBie.COBieExtension.ZoneManager.ZoneData,40dfceb7-cf1c-4008-bfb6-0278232a5f7d,Dental Department,,,,,,,,,,
Dental,danielle.r.love@usace.army.mil,2014-01-03T06:03:18,Occupancy Zone,2A08,"Autodesk Revit 2014, Build: 20131024_2115(x64)",RDES.Revit.COBie.COBieExtension.ZoneManager.ZoneData,40dfceb7-cf1c-4008-bfb6-0278232a5f7d,Dental Department,,,,,,,,,,
Dental,danielle.r.love@usace.army.mil,2014-01-03T06:03:18,Occupancy Zone,2A09,"Autodesk Revit 2014, Build: 20131024_2115(x64)",RDES.Revit.COBie.COBieExtension.ZoneManager.ZoneData,40dfceb7-cf1c-4008-bfb6-0278232a5f7d,Dental Department,,,,,,,,,,
Dental,danielle.r.love@usace.army.mil,2014-01-03T06:03:18,Occupancy Zone,2A10,"Autodesk Revit 2014, Build: 20131024_2115(x64)",RDES.Revit.COBie.COBieExtension.ZoneManager.ZoneData,40dfceb7-cf1c-4008-bfb6-0278232a5f7d,Dental Department,,,,,,,,,,
Dental,danielle.r.love@usace.army.mil,2014-01-03T06:03:18,Occupancy Zone,2A11,"Autodesk Revit 2014, Build: 20131024_2115(x64)",RDES.Revit.COBie.COBieExtension.ZoneManager.ZoneData,40dfceb7-cf1c-4008-bfb6-0278232a5f7d,Dental Department,,,,,,,,,,
Dental,danielle.r.love@usace.army.mil,2014-01-03T06:03:18,Occupancy Zone,2A12,"Autodesk Revit 2014, Build: 20131024_2115(x64)",RDES.Revit.COBie.COBieExtension.ZoneManager.ZoneData,40dfceb7-cf1c-4008-bfb6-0278232a5f7d,Dental Department,,,,,,,,,,
Dental,danielle.r.love@usace.army.mil,2014-01-03T06:03:18,Occupancy Zone,2A12A,"Autodesk Revit 2014, Build: 20131024_2115(x64)",RDES.Revit.COBie.COBieExtension.ZoneManager.ZoneData,40dfceb7-cf1c-4008-bfb6-0278232a5f7d,Dental Department,,,,,,,,,,
Dental,danielle.r.love@usace.army.mil,2014-01-03T06:03:18,Occupancy Zone,2A13,"Autodesk Revit 2014, Build: 20131024_2115(x64)",RDES.Revit.COBie.COBieExtension.ZoneManager.ZoneData,40dfceb7-cf1c-4008-bfb6-0278232a5f7d,Dental Department,,,,,,,,,,
Dental,danielle.r.love@usace.army.mil,2014-01-03T06:03:18,Occupancy Zone,2A14,"Autodesk Revit 2014, Build: 20131024_2115(x64)",RDES.Revit.COBie.COBieExtension.ZoneManager.ZoneData,40dfceb7-cf1c-4008-bfb6-0278232a5f7d,Dental Department,,,,,,,,,,
Dental,danielle.r.love@usace.army.mil,2014-01-03T06:03:18,Occupancy Zone,2C01,"Autodesk Revit 2014, Build: 20131024_2115(x64)",RDES.Revit.COBie.COBieExtension.ZoneManager.ZoneData,40dfceb7-cf1c-4008-bfb6-0278232a5f7d,Dental Department,,,,,,,,,,
Dental,danielle.r.love@usace.army.mil,2014-01-03T06:03:18,Occupancy Zone,2C02,"Autodesk Revit 2014, Build: 20131024_2115(x64)",RDES.Revit.COBie.COBieExtension.ZoneManager.ZoneData,40dfceb7-cf1c-4008-bfb6-0278232a5f7d,Dental Department,,,,,,,,,,
Dental,danielle.r.love@usace.army.mil,2014-01-03T06:03:18,Occupancy Zone,2C03,"Autodesk Revit 2014, Build: 20131024_2115(x64)",RDES.Revit.COBie.COBieExtension.ZoneManager.ZoneData,40dfceb7-cf1c-4008-bfb6-0278232a5f7d,Dental Department,,,,,,,,,,
Dental,danielle.r.love@usace.army.mil,2014-01-03T06:03:18,Occupancy Zone,2C04,"Autodesk Revit 2014, Build: 20131024_2115(x64)",RDES.Revit.COBie.COBieExtension.ZoneManager.ZoneData,40dfceb7-cf1c-4008-bfb6-0278232a5f7d,Dental Department,,,,,,,,,,
Dental,danielle.r.love@usace.army.mil,2014-01-03T06:03:18,Occupancy Zone,2C06,"Autodesk Revit 2014, Build: 20131024_2115(x64)",RDES.Revit.COBie.COBieExtension.ZoneManager.ZoneData,40dfceb7-cf1c-4008-bfb6-0278232a5f7d,Dental Department,,,,,,,,,,
Dental,danielle.r.love@usace.army.mil,2014-01-03T06:03:18,Occupancy Zone,2C07,"Autodesk Revit 2014, Build: 20131024_2115(x64)",RDES.Revit.COBie.COBieExtension.ZoneManager.ZoneData,40dfceb7-cf1c-4008-bfb6-0278232a5f7d,Dental Department,,,,,,,,,,
Dental,danielle.r.love@usace.army.mil,2014-01-03T06:03:18,Occupancy Zone,2C08,"Autodesk Revit 2014, Build: 20131024_2115(x64)",RDES.Revit.COBie.COBieExtension.ZoneManager.ZoneData,40dfceb7-cf1c-4008-bfb6-0278232a5f7d,Dental Department,,,,,,,,,,
Dental,danielle.r.love@usace.army.mil,2014-01-03T06:03:18,Occupancy Zone,2C09,"Autodesk Revit 2014, Build: 20131024_2115(x64)",RDES.Revit.COBie.COBieExtension.ZoneManager.ZoneData,40dfceb7-cf1c-4008-bfb6-0278232a5f7d,Dental Department,,,,,,,,,,
Dental,danielle.r.love@usace.army.mil,2014-01-03T06:03:18,Occupancy Zone,2C10,"Autodesk Revit 2014, Build: 20131024_2115(x64)",RDES.Revit.COBie.COBieExtension.ZoneManager.ZoneData,40dfceb7-cf1c-4008-bfb6-0278232a5f7d,Dental Department,,,,,,,,,,
Dental,danielle.r.love@usace.army.mil,2014-01-03T06:03:18,Occupancy Zone,2C12,"Autodesk Revit 2014, Build: 20131024_2115(x64)",RDES.Revit.COBie.COBieExtension.ZoneManager.ZoneData,40dfceb7-cf1c-4008-bfb6-0278232a5f7d,Dental Department,,,,,,,,,,
Dental,danielle.r.love@usace.army.mil,2014-01-03T06:03:18,Occupancy Zone,2C14,"Autodesk Revit 2014, Build: 20131024_2115(x64)",RDES.Revit.COBie.COBieExtension.ZoneManager.ZoneData,40dfceb7-cf1c-4008-bfb6-0278232a5f7d,Dental Department,,,,,,,,,,
Dental,danielle.r.love@usace.army.mil,2014-01-03T06:03:18,Occupancy Zone,2C16,"Autodesk Revit 2014, Build: 20131024_2115(x64)",RDES.Revit.COBie.COBieExtension.ZoneManager.ZoneData,40dfceb7-cf1c-4008-bfb6-0278232a5f7d,Dental Department,,,,,,,,,,
Dental,danielle.r.love@usace.army.mil,2014-01-03T06:03:18,Occupancy Zone,2C17,"Autodesk Revit 2014, Build: 20131024_2115(x64)",RDES.Revit.COBie.COBieExtension.ZoneManager.ZoneData,40dfceb7-cf1c-4008-bfb6-0278232a5f7d,Dental Department,,,,,,,,,,
Dental,danielle.r.love@usace.army.mil,2014-01-03T06:03:18,Occupancy Zone,2C19,"Autodesk Revit 2014, Build: 20131024_2115(x64)",RDES.Revit.COBie.COBieExtension.ZoneManager.ZoneData,40dfceb7-cf1c-4008-bfb6-0278232a5f7d,Dental Department,,,,,,,,,,
Dental,danielle.r.love@usace.army.mil,2014-01-03T06:03:18,Occupancy Zone,2C22,"Autodesk Revit 2014, Build: 20131024_2115(x64)",RDES.Revit.COBie.COBieExtension.ZoneManager.ZoneData,40dfceb7-cf1c-4008-bfb6-0278232a5f7d,Dental Department,,,,,,,,,,
Dental,danielle.r.love@usace.army.mil,2014-01-03T06:03:18,Occupancy Zone,2C23,"Autodesk Revit 2014, Build: 20131024_2115(x64)",RDES.Revit.COBie.COBieExtension.ZoneManager.ZoneData,40dfceb7-cf1c-4008-bfb6-0278232a5f7d,Dental Department,,,,,,,,,,
Dental,danielle.r.love@usace.army.mil,2014-01-03T06:03:18,Occupancy Zone,2C24,"Autodesk Revit 2014, Build: 20131024_2115(x64)",RDES.Revit.COBie.COBieExtension.ZoneManager.ZoneData,40dfceb7-cf1c-4008-bfb6-0278232a5f7d,Dental Department,,,,,,,,,,
EROM,danielle.r.love@usace.army.mil,2014-01-03T06:03:48,Occupancy Zone,2B15,"Autodesk Revit 2014, Build: 20131024_2115(x64)",RDES.Revit.COBie.COBieExtension.ZoneManager.ZoneData,5dd77f37-8362-413b-8d9d-3811157b9872,EROM Department,,,,,,,,,,
EROM,danielle.r.love@usace.army.mil,2014-01-03T06:03:48,Occupancy Zone,2B16,"Autodesk Revit 2014, Build: 20131024_2115(x64)",RDES.Revit.COBie.COBieExtension.ZoneManager.ZoneData,5dd77f37-8362-413b-8d9d-3811157b9872,EROM Department,,,,,,,,,,
EROM,danielle.r.love@usace.army.mil,2014-01-03T06:03:48,Occupancy Zone,2B17,"Autodesk Revit 2014, Build: 20131024_2115(x64)",RDES.Revit.COBie.COBieExtension.ZoneManager.ZoneData,5dd77f37-8362-413b-8d9d-3811157b9872,EROM Department,,,,,,,,,,
EROM,danielle.r.love@usace.army.mil,2014-01-03T06:03:48,Occupancy Zone,2B18,"Autodesk Revit 2014, Build: 20131024_2115(x64)",RDES.Revit.COBie.COBieExtension.ZoneManager.ZoneData,5dd77f37-8362-413b-8d9d-3811157b9872,EROM Department,,,,,,,,,,
EROM,danielle.r.love@usace.army.mil,2014-01-03T06:03:48,Occupancy Zone,2B19,"Autodesk Revit 2014, Build: 20131024_2115(x64)",RDES.Revit.COBie.COBieExtension.ZoneManager.ZoneData,5dd77f37-8362-413b-8d9d-3811157b9872,EROM Department,,,,,,,,,,
EROM,danielle.r.love@usace.army.mil,2014-01-03T06:03:48,Occupancy Zone,2B21,"Autodesk Revit 2014, Build: 20131024_2115(x64)",RDES.Revit.COBie.COBieExtension.ZoneManager.ZoneData,5dd77f37-8362-413b-8d9d-3811157b9872,EROM Department,,,,,,,,,,
EROM,danielle.r.love@usace.army.mil,2014-01-03T06:03:48,Occupancy Zone,2B22,"Autodesk Revit 2014, Build: 20131024_2115(x64)",RDES.Revit.COBie.COBieExtension.ZoneManager.ZoneData,5dd77f37-8362-413b-8d9d-3811157b9872,EROM Department,,,,,,,,,,
EROM,danielle.r.love@usace.army.mil,2014-01-03T06:03:48,Occupancy Zone,2B23,"Autodesk Revit 2014, Build: 20131024_2115(x64)",RDES.Revit.COBie.COBieExtension.ZoneManager.ZoneData,5dd77f37-8362-413b-8d9d-3811157b9872,EROM Department,,,,,,,,,,
EROM,danielle.r.love@usace.army.mil,2014-01-03T06:03:48,Occupancy Zone,2B24,"Autodesk Revit 2014, Build: 20131024_2115(x64)",RDES.Revit.COBie.COBieExtension.ZoneManager.ZoneData,5dd77f37-8362-413b-8d9d-3811157b9872,EROM Department,,,,,,,,,,
Flight Medicine,danielle.r.love@usace.army.mil,2014-01-03T06:04:25,Occupancy Zone,1C12,"Autodesk Revit 2014, Build: 20131024_2115(x64)",RDES.Revit.COBie.COBieExtension.ZoneManager.ZoneData,ec2bfd57-ec3e-429b-aff7-60b750bbba27,Flight Medicine Department,,,,,,,,,,
Flight Medicine,danielle.r.love@usace.army.mil,2014-01-03T06:04:25,Occupancy Zone,1C14,"Autodesk Revit 2014, Build: 20131024_2115(x64)",RDES.Revit.COBie.COBieExtension.ZoneManager.ZoneData,ec2bfd57-ec3e-429b-aff7-60b750bbba27,Flight Medicine Department,,,,,,,,,,
Flight Medicine,danielle.r.love@usace.army.mil,2014-01-03T06:04:25,Occupancy Zone,1C15,"Autodesk Revit 2014, Build: 20131024_2115(x64)",RDES.Revit.COBie.COBieExtension.ZoneManager.ZoneData,ec2bfd57-ec3e-429b-aff7-60b750bbba27,Flight Medicine Department,,,,,,,,,,
Flight Medicine,danielle.r.love@usace.army.mil,2014-01-03T06:04:25,Occupancy Zone,1C16,"Autodesk Revit 2014, Build: 20131024_2115(x64)",RDES.Revit.COBie.COBieExtension.ZoneManager.ZoneData,ec2bfd57-ec3e-429b-aff7-60b750bbba27,Flight Medicine Department,,,,,,,,,,
Flight Medicine,danielle.r.love@usace.army.mil,2014-01-03T06:04:25,Occupancy Zone,1C17,"Autodesk Revit 2014, Build: 20131024_2115(x64)",RDES.Revit.COBie.COBieExtension.ZoneManager.ZoneData,ec2bfd57-ec3e-429b-aff7-60b750bbba27,Flight Medicine Department,,,,,,,,,,
Flight Medicine,danielle.r.love@usace.army.mil,2014-01-03T06:04:25,Occupancy Zone,1C18,"Autodesk Revit 2014, Build: 20131024_2115(x64)",RDES.Revit.COBie.COBieExtension.ZoneManager.ZoneData,ec2bfd57-ec3e-429b-aff7-60b750bbba27,Flight Medicine Department,,,,,,,,,,
Flight Medicine,danielle.r.love@usace.army.mil,2014-01-03T06:04:25,Occupancy Zone,1C19,"Autodesk Revit 2014, Build: 20131024_2115(x64)",RDES.Revit.COBie.COBieExtension.ZoneManager.ZoneData,ec2bfd57-ec3e-429b-aff7-60b750bbba27,Flight Medicine Department,,,,,,,,,,
Housekeeping,danielle.r.love@usace.army.mil,2014-01-03T06:04:47,Occupancy Zone,1E01,"Autodesk Revit 2014, Build: 20131024_2115(x64)",RDES.Revit.COBie.COBieExtension.ZoneManager.ZoneData,969401ae-5438-4e78-93fe-58b42c3dc042,Housekeeping Department,,,,,,,,,,
Housekeeping,danielle.r.love@usace.army.mil,2014-01-03T06:04:47,Occupancy Zone,1E04,"Autodesk Revit 2014, Build: 20131024_2115(x64)",RDES.Revit.COBie.COBieExtension.ZoneManager.ZoneData,969401ae-5438-4e78-93fe-58b42c3dc042,Housekeeping Department,,,,,,,,,,
Housekeeping,danielle.r.love@usace.army.mil,2014-01-03T06:04:47,Occupancy Zone,1E29,"Autodesk Revit 2014, Build: 20131024_2115(x64)",RDES.Revit.COBie.COBieExtension.ZoneManager.ZoneData,969401ae-5438-4e78-93fe-58b42c3dc042,Housekeeping Department,,,,,,,,,,
Housekeeping,danielle.r.love@usace.army.mil,2014-01-03T06:04:47,Occupancy Zone,1E30,"Autodesk Revit 2014, Build: 20131024_2115(x64)",RDES.Revit.COBie.COBieExtension.ZoneManager.ZoneData,969401ae-5438-4e78-93fe-58b42c3dc042,Housekeeping Department,,,,,,,,,,
Housekeeping,danielle.r.love@usace.army.mil,2014-01-03T06:04:47,Occupancy Zone,1B12,"Autodesk Revit 2014, Build: 20131024_2115(x64)",RDES.Revit.COBie.COBieExtension.ZoneManager.ZoneData,969401ae-5438-4e78-93fe-58b42c3dc042,Housekeeping Department,,,,,,,,,,
Housekeeping,danielle.r.love@usace.army.mil,2014-01-03T06:04:47,Occupancy Zone,1B14,"Autodesk Revit 2014, Build: 20131024_2115(x64)",RDES.Revit.COBie.COBieExtension.ZoneManager.ZoneData,969401ae-5438-4e78-93fe-58b42c3dc042,Housekeeping Department,,,,,,,,,,
Housekeeping,danielle.r.love@usace.army.mil,2014-01-03T06:04:47,Occupancy Zone,1D01,"Autodesk Revit 2014, Build: 20131024_2115(x64)",RDES.Revit.COBie.COBieExtension.ZoneManager.ZoneData,969401ae-5438-4e78-93fe-58b42c3dc042,Housekeeping Department,,,,,,,,,,
Housekeeping,danielle.r.love@usace.army.mil,2014-01-03T06:04:47,Occupancy Zone,1D03,"Autodesk Revit 2014, Build: 20131024_2115(x64)",RDES.Revit.COBie.COBieExtension.ZoneManager.ZoneData,969401ae-5438-4e78-93fe-58b42c3dc042,Housekeeping Department,,,,,,,,,,
Housekeeping,danielle.r.love@usace.army.mil,2014-01-03T06:04:47,Occupancy Zone,1D37,"Autodesk Revit 2014, Build: 20131024_2115(x64)",RDES.Revit.COBie.COBieExtension.ZoneManager.ZoneData,969401ae-5438-4e78-93fe-58b42c3dc042,Housekeeping Department,,,,,,,,,,
Housekeeping,danielle.r.love@usace.army.mil,2014-01-03T06:04:47,Occupancy Zone,1D39,"Autodesk Revit 2014, Build: 20131024_2115(x64)",RDES.Revit.COBie.COBieExtension.ZoneManager.ZoneData,969401ae-5438-4e78-93fe-58b42c3dc042,Housekeeping Department,,,,,,,,,,
Housekeeping,danielle.r.love@usace.army.mil,2014-01-03T06:04:47,Occupancy Zone,2C11,"Autodesk Revit 2014, Build: 20131024_2115(x64)",RDES.Revit.COBie.COBieExtension.ZoneManager.ZoneData,969401ae-5438-4e78-93fe-58b42c3dc042,Housekeeping Department,,,,,,,,,,
Janitorial,danielle.r.love@usace.army.mil,2014-01-03T06:05:04,Occupancy Zone,1E03,"Autodesk Revit 2014, Build: 20131024_2115(x64)",RDES.Revit.COBie.COBieExtension.ZoneManager.ZoneData,4587ddd4-e6d9-4d49-bb76-71960bfbc724,Janitorial Area,,,,,,,,,,
Janitorial,danielle.r.love@usace.army.mil,2014-01-03T06:05:04,Occupancy Zone,1E20,"Autodesk Revit 2014, Build: 20131024_2115(x64)",RDES.Revit.COBie.COBieExtension.ZoneManager.ZoneData,4587ddd4-e6d9-4d49-bb76-71960bfbc724,Janitorial Area,,,,,,,,,,
Janitorial,danielle.r.love@usace.army.mil,2014-01-03T06:05:04,Occupancy Zone,1A11,"Autodesk Revit 2014, Build: 20131024_2115(x64)",RDES.Revit.COBie.COBieExtension.ZoneManager.ZoneData,4587ddd4-e6d9-4d49-bb76-71960bfbc724,Janitorial Area,,,,,,,,,,
Janitorial,danielle.r.love@usace.army.mil,2014-01-03T06:05:04,Occupancy Zone,1B16,"Autodesk Revit 2014, Build: 20131024_2115(x64)",RDES.Revit.COBie.COBieExtension.ZoneManager.ZoneData,4587ddd4-e6d9-4d49-bb76-71960bfbc724,Janitorial Area,,,,,,,,,,
Janitorial,danielle.r.love@usace.army.mil,2014-01-03T06:05:04,Occupancy Zone,1C03,"Autodesk Revit 2014, Build: 20131024_2115(x64)",RDES.Revit.COBie.COBieExtension.ZoneManager.ZoneData,4587ddd4-e6d9-4d49-bb76-71960bfbc724,Janitorial Area,,,,,,,,,,
Janitorial,danielle.r.love@usace.army.mil,2014-01-03T06:05:04,Occupancy Zone,1C06,"Autodesk Revit 2014, Build: 20131024_2115(x64)",RDES.Revit.COBie.COBieExtension.ZoneManager.ZoneData,4587ddd4-e6d9-4d49-bb76-71960bfbc724,Janitorial Area,,,,,,,,,,
Janitorial,danielle.r.love@usace.army.mil,2014-01-03T06:05:04,Occupancy Zone,1D17,"Autodesk Revit 2014, Build: 20131024_2115(x64)",RDES.Revit.COBie.COBieExtension.ZoneManager.ZoneData,4587ddd4-e6d9-4d49-bb76-71960bfbc724,Janitorial Area,,,,,,,,,,
Janitorial,danielle.r.love@usace.army.mil,2014-01-03T06:05:04,Occupancy Zone,2B02,"Autodesk Revit 2014, Build: 20131024_2115(x64)",RDES.Revit.COBie.COBieExtension.ZoneManager.ZoneData,4587ddd4-e6d9-4d49-bb76-71960bfbc724,Janitorial Area,,,,,,,,,,
Janitorial,danielle.r.love@usace.army.mil,2014-01-03T06:05:04,Occupancy Zone,2B20,"Autodesk Revit 2014, Build: 20131024_2115(x64)",RDES.Revit.COBie.COBieExtension.ZoneManager.ZoneData,4587ddd4-e6d9-4d49-bb76-71960bfbc724,Janitorial Area,,,,,,,,,,
Janitorial,danielle.r.love@usace.army.mil,2014-01-03T06:05:04,Occupancy Zone,2B25,"Autodesk Revit 2014, Build: 20131024_2115(x64)",RDES.Revit.COBie.COBieExtension.ZoneManager.ZoneData,4587ddd4-e6d9-4d49-bb76-71960bfbc724,Janitorial Area,,,,,,,,,,
Janitorial,danielle.r.love@usace.army.mil,2014-01-03T06:05:04,Occupancy Zone,2C05,"Autodesk Revit 2014, Build: 20131024_2115(x64)",RDES.Revit.COBie.COBieExtension.ZoneManager.ZoneData,4587ddd4-e6d9-4d49-bb76-71960bfbc724,Janitorial Area,,,,,,,,,,
Janitorial,danielle.r.love@usace.army.mil,2014-01-03T06:05:04,Occupancy Zone,2C13,"Autodesk Revit 2014, Build: 20131024_2115(x64)",RDES.Revit.COBie.COBieExtension.ZoneManager.ZoneData,4587ddd4-e6d9-4d49-bb76-71960bfbc724,Janitorial Area,,,,,,,,,,
Logistics,danielle.r.love@usace.army.mil,2014-01-03T06:05:23,Occupancy Zone,1E05,"Autodesk Revit 2014, Build: 20131024_2115(x64)",RDES.Revit.COBie.COBieExtension.ZoneManager.ZoneData,5a6c556c-6daf-44b7-9524-3ababbda90c9,Logistics Department,,,,,,,,,,
Logistics,danielle.r.love@usace.army.mil,2014-01-03T06:05:23,Occupancy Zone,1E06,"Autodesk Revit 2014, Build: 20131024_2115(x64)",RDES.Revit.COBie.COBieExtension.ZoneManager.ZoneData,5a6c556c-6daf-44b7-9524-3ababbda90c9,Logistics Department,,,,,,,,,,
Logistics,danielle.r.love@usace.army.mil,2014-01-03T06:05:23,Occupancy Zone,1E07,"Autodesk Revit 2014, Build: 20131024_2115(x64)",RDES.Revit.COBie.COBieExtension.ZoneManager.ZoneData,5a6c556c-6daf-44b7-9524-3ababbda90c9,Logistics Department,,,,,,,,,,
Logistics,danielle.r.love@usace.army.mil,2014-01-03T06:05:23,Occupancy Zone,1E08,"Autodesk Revit 2014, Build: 20131024_2115(x64)",RDES.Revit.COBie.COBieExtension.ZoneManager.ZoneData,5a6c556c-6daf-44b7-9524-3ababbda90c9,Logistics Department,,,,,,,,,,
Logistics,danielle.r.love@usace.army.mil,2014-01-03T06:05:23,Occupancy Zone,1E09,"Autodesk Revit 2014, Build: 20131024_2115(x64)",RDES.Revit.COBie.COBieExtension.ZoneManager.ZoneData,5a6c556c-6daf-44b7-9524-3ababbda90c9,Logistics Department,,,,,,,,,,
Logistics,danielle.r.love@usace.army.mil,2014-01-03T06:05:23,Occupancy Zone,1E10,"Autodesk Revit 2014, Build: 20131024_2115(x64)",RDES.Revit.COBie.COBieExtension.ZoneManager.ZoneData,5a6c556c-6daf-44b7-9524-3ababbda90c9,Logistics Department,,,,,,,,,,
Logistics,danielle.r.love@usace.army.mil,2014-01-03T06:05:23,Occupancy Zone,1E14,"Autodesk Revit 2014, Build: 20131024_2115(x64)",RDES.Revit.COBie.COBieExtension.ZoneManager.ZoneData,5a6c556c-6daf-44b7-9524-3ababbda90c9,Logistics Department,,,,,,,,,,
Logistics,danielle.r.love@usace.army.mil,2014-01-03T06:05:23,Occupancy Zone,1E17,"Autodesk Revit 2014, Build: 20131024_2115(x64)",RDES.Revit.COBie.COBieExtension.ZoneManager.ZoneData,5a6c556c-6daf-44b7-9524-3ababbda90c9,Logistics Department,,,,,,,,,,
Logistics,danielle.r.love@usace.army.mil,2014-01-03T06:05:23,Occupancy Zone,1E21,"Autodesk Revit 2014, Build: 20131024_2115(x64)",RDES.Revit.COBie.COBieExtension.ZoneManager.ZoneData,5a6c556c-6daf-44b7-9524-3ababbda90c9,Logistics Department,,,,,,,,,,
Logistics,danielle.r.love@usace.army.mil,2014-01-03T06:05:23,Occupancy Zone,1E22,"Autodesk Revit 2014, Build: 20131024_2115(x64)",RDES.Revit.COBie.COBieExtension.ZoneManager.ZoneData,5a6c556c-6daf-44b7-9524-3ababbda90c9,Logistics Department,,,,,,,,,,
Logistics,danielle.r.love@usace.army.mil,2014-01-03T06:05:23,Occupancy Zone,1E23,"Autodesk Revit 2014, Build: 20131024_2115(x64)",RDES.Revit.COBie.COBieExtension.ZoneManager.ZoneData,5a6c556c-6daf-44b7-9524-3ababbda90c9,Logistics Department,,,,,,,,,,
Logistics,danielle.r.love@usace.army.mil,2014-01-03T06:05:23,Occupancy Zone,1E24,"Autodesk Revit 2014, Build: 20131024_2115(x64)",RDES.Revit.COBie.COBieExtension.ZoneManager.ZoneData,5a6c556c-6daf-44b7-9524-3ababbda90c9,Logistics Department,,,,,,,,,,
Logistics,danielle.r.love@usace.army.mil,2014-01-03T06:05:23,Occupancy Zone,1E25,"Autodesk Revit 2014, Build: 20131024_2115(x64)",RDES.Revit.COBie.COBieExtension.ZoneManager.ZoneData,5a6c556c-6daf-44b7-9524-3ababbda90c9,Logistics Department,,,,,,,,,,
Logistics,danielle.r.love@usace.army.mil,2014-01-03T06:05:23,Occupancy Zone,1E26,"Autodesk Revit 2014, Build: 20131024_2115(x64)",RDES.Revit.COBie.COBieExtension.ZoneManager.ZoneData,5a6c556c-6daf-44b7-9524-3ababbda90c9,Logistics Department,,,,,,,,,,
Logistics,danielle.r.love@usace.army.mil,2014-01-03T06:05:23,Occupancy Zone,1E27,"Autodesk Revit 2014, Build: 20131024_2115(x64)",RDES.Revit.COBie.COBieExtension.ZoneManager.ZoneData,5a6c556c-6daf-44b7-9524-3ababbda90c9,Logistics Department,,,,,,,,,,
Logistics,danielle.r.love@usace.army.mil,2014-01-03T06:05:23,Occupancy Zone,1E28,"Autodesk Revit 2014, Build: 20131024_2115(x64)",RDES.Revit.COBie.COBieExtension.ZoneManager.ZoneData,5a6c556c-6daf-44b7-9524-3ababbda90c9,Logistics Department,,,,,,,,,,
Logistics,danielle.r.love@usace.army.mil,2014-01-03T06:05:23,Occupancy Zone,1E15A,"Autodesk Revit 2014, Build: 20131024_2115(x64)",RDES.Revit.COBie.COBieExtension.ZoneManager.ZoneData,5a6c556c-6daf-44b7-9524-3ababbda90c9,Logistics Department,,,,,,,,,,
Logistics,danielle.r.love@usace.army.mil,2014-01-03T06:05:23,Occupancy Zone,1F02,"Autodesk Revit 2014, Build: 20131024_2115(x64)",RDES.Revit.COBie.COBieExtension.ZoneManager.ZoneData,5a6c556c-6daf-44b7-9524-3ababbda90c9,Logistics Department,,,,,,,,,,
Logistics,danielle.r.love@usace.army.mil,2014-01-03T06:05:23,Occupancy Zone,2D01,"Autodesk Revit 2014, Build: 20131024_2115(x64)",RDES.Revit.COBie.COBieExtension.ZoneManager.ZoneData,5a6c556c-6daf-44b7-9524-3ababbda90c9,Logistics Department,,,,,,,,,,
Logistics,danielle.r.love@usace.army.mil,2014-01-03T06:05:23,Occupancy Zone,2D02,"Autodesk Revit 2014, Build: 20131024_2115(x64)",RDES.Revit.COBie.COBieExtension.ZoneManager.ZoneData,5a6c556c-6daf-44b7-9524-3ababbda90c9,Logistics Department,,,,,,,,,,
Logistics,danielle.r.love@usace.army.mil,2014-01-03T06:05:23,Occupancy Zone,2D03,"Autodesk Revit 2014, Build: 20131024_2115(x64)",RDES.Revit.COBie.COBieExtension.ZoneManager.ZoneData,5a6c556c-6daf-44b7-9524-3ababbda90c9,Logistics Department,,,,,,,,,,
Logistics,danielle.r.love@usace.army.mil,2014-01-03T06:05:23,Occupancy Zone,2D04,"Autodesk Revit 2014, Build: 20131024_2115(x64)",RDES.Revit.COBie.COBieExtension.ZoneManager.ZoneData,5a6c556c-6daf-44b7-9524-3ababbda90c9,Logistics Department,,,,,,,,,,
Logistics,danielle.r.love@usace.army.mil,2014-01-03T06:05:23,Occupancy Zone,2D04A,"Autodesk Revit 2014, Build: 20131024_2115(x64)",RDES.Revit.COBie.COBieExtension.ZoneManager.ZoneData,5a6c556c-6daf-44b7-9524-3ababbda90c9,Logistics Department,,,,,,,,,,
Logistics,danielle.r.love@usace.army.mil,2014-01-03T06:05:23,Occupancy Zone,2D06,"Autodesk Revit 2014, Build: 20131024_2115(x64)",RDES.Revit.COBie.COBieExtension.ZoneManager.ZoneData,5a6c556c-6daf-44b7-9524-3ababbda90c9,Logistics Department,,,,,,,,,,
Logistics,danielle.r.love@usace.army.mil,2014-01-03T06:05:23,Occupancy Zone,2D07,"Autodesk Revit 2014, Build: 20131024_2115(x64)",RDES.Revit.COBie.COBieExtension.ZoneManager.ZoneData,5a6c556c-6daf-44b7-9524-3ababbda90c9,Logistics Department,,,,,,,,,,
Logistics,danielle.r.love@usace.army.mil,2014-01-03T06:05:23,Occupancy Zone,2D08,"Autodesk Revit 2014, Build: 20131024_2115(x64)",RDES.Revit.COBie.COBieExtension.ZoneManager.ZoneData,5a6c556c-6daf-44b7-9524-3ababbda90c9,Logistics Department,,,,,,,,,,
Logistics,danielle.r.love@usace.army.mil,2014-01-03T06:05:23,Occupancy Zone,2D09,"Autodesk Revit 2014, Build: 20131024_2115(x64)",RDES.Revit.COBie.COBieExtension.ZoneManager.ZoneData,5a6c556c-6daf-44b7-9524-3ababbda90c9,Logistics Department,,,,,,,,,,
Logistics,danielle.r.love@usace.army.mil,2014-01-03T06:05:23,Occupancy Zone,2D10,"Autodesk Revit 2014, Build: 20131024_2115(x64)",RDES.Revit.COBie.COBieExtension.ZoneManager.ZoneData,5a6c556c-6daf-44b7-9524-3ababbda90c9,Logistics Department,,,,,,,,,,
Logistics,danielle.r.love@usace.army.mil,2014-01-03T06:05:23,Occupancy Zone,2D11,"Autodesk Revit 2014, Build: 20131024_2115(x64)",RDES.Revit.COBie.COBieExtension.ZoneManager.ZoneData,5a6c556c-6daf-44b7-9524-3ababbda90c9,Logistics Department,,,,,,,,,,
Logistics,danielle.r.love@usace.army.mil,2014-01-03T06:05:23,Occupancy Zone,2D12,"Autodesk Revit 2014, Build: 20131024_2115(x64)",RDES.Revit.COBie.COBieExtension.ZoneManager.ZoneData,5a6c556c-6daf-44b7-9524-3ababbda90c9,Logistics Department,,,,,,,,,,
Logistics,danielle.r.love@usace.army.mil,2014-01-03T06:05:23,Occupancy Zone,2D13,"Autodesk Revit 2014, Build: 20131024_2115(x64)",RDES.Revit.COBie.COBieExtension.ZoneManager.ZoneData,5a6c556c-6daf-44b7-9524-3ababbda90c9,Logistics Department,,,,,,,,,,
Logistics,danielle.r.love@usace.army.mil,2014-01-03T06:05:23,Occupancy Zone,2D14,"Autodesk Revit 2014, Build: 20131024_2115(x64)",RDES.Revit.COBie.COBieExtension.ZoneManager.ZoneData,5a6c556c-6daf-44b7-9524-3ababbda90c9,Logistics Department,,,,,,,,,,
Logistics,danielle.r.love@usace.army.mil,2014-01-03T06:05:23,Occupancy Zone,2D15,"Autodesk Revit 2014, Build: 20131024_2115(x64)",RDES.Revit.COBie.COBieExtension.ZoneManager.ZoneData,5a6c556c-6daf-44b7-9524-3ababbda90c9,Logistics Department,,,,,,,,,,
Logistics,danielle.r.love@usace.army.mil,2014-01-03T06:05:23,Occupancy Zone,2D16,"Autodesk Revit 2014, Build: 20131024_2115(x64)",RDES.Revit.COBie.COBieExtension.ZoneManager.ZoneData,5a6c556c-6daf-44b7-9524-3ababbda90c9,Logistics Department,,,,,,,,,,
Logistics,danielle.r.love@usace.army.mil,2014-01-03T06:05:23,Occupancy Zone,2D17,"Autodesk Revit 2014, Build: 20131024_2115(x64)",RDES.Revit.COBie.COBieExtension.ZoneManager.ZoneData,5a6c556c-6daf-44b7-9524-3ababbda90c9,Logistics Department,,,,,,,,,,
Logistics,danielle.r.love@usace.army.mil,2014-01-03T06:05:23,Occupancy Zone,2D18,"Autodesk Revit 2014, Build: 20131024_2115(x64)",RDES.Revit.COBie.COBieExtension.ZoneManager.ZoneData,5a6c556c-6daf-44b7-9524-3ababbda90c9,Logistics Department,,,,,,,,,,
Logistics,danielle.r.love@usace.army.mil,2014-01-03T06:05:23,Occupancy Zone,2D19,"Autodesk Revit 2014, Build: 20131024_2115(x64)",RDES.Revit.COBie.COBieExtension.ZoneManager.ZoneData,5a6c556c-6daf-44b7-9524-3ababbda90c9,Logistics Department,,,,,,,,,,
Logistics,danielle.r.love@usace.army.mil,2014-01-03T06:05:23,Occupancy Zone,2D20,"Autodesk Revit 2014, Build: 20131024_2115(x64)",RDES.Revit.COBie.COBieExtension.ZoneManager.ZoneData,5a6c556c-6daf-44b7-9524-3ababbda90c9,Logistics Department,,,,,,,,,,
Logistics,danielle.r.love@usace.army.mil,2014-01-03T06:05:23,Occupancy Zone,2D21,"Autodesk Revit 2014, Build: 20131024_2115(x64)",RDES.Revit.COBie.COBieExtension.ZoneManager.ZoneData,5a6c556c-6daf-44b7-9524-3ababbda90c9,Logistics Department,,,,,,,,,,
Mechanical,danielle.r.love@usace.army.mil,2014-01-03T06:05:45,Occupancy Zone,1E02,"Autodesk Revit 2014, Build: 20131024_2115(x64)",RDES.Revit.COBie.COBieExtension.ZoneManager.ZoneData,6db93197-f051-4bac-8678-607d578c877d,Mechanical Area,,,,,,,,,,
Mechanical,danielle.r.love@usace.army.mil,2014-01-03T06:05:45,Occupancy Zone,1E15,"Autodesk Revit 2014, Build: 20131024_2115(x64)",RDES.Revit.COBie.COBieExtension.ZoneManager.ZoneData,6db93197-f051-4bac-8678-607d578c877d,Mechanical Area,,,,,,,,,,
Mechanical,danielle.r.love@usace.army.mil,2014-01-03T06:05:45,Occupancy Zone,1E19,"Autodesk Revit 2014, Build: 20131024_2115(x64)",RDES.Revit.COBie.COBieExtension.ZoneManager.ZoneData,6db93197-f051-4bac-8678-607d578c877d,Mechanical Area,,,,,,,,,,
Mechanical,danielle.r.love@usace.army.mil,2014-01-03T06:05:45,Occupancy Zone,1B21,"Autodesk Revit 2014, Build: 20131024_2115(x64)",RDES.Revit.COBie.COBieExtension.ZoneManager.ZoneData,6db93197-f051-4bac-8678-607d578c877d,Mechanical Area,,,,,,,,,,
Mechanical,danielle.r.love@usace.army.mil,2014-01-03T06:05:45,Occupancy Zone,1B23,"Autodesk Revit 2014, Build: 20131024_2115(x64)",RDES.Revit.COBie.COBieExtension.ZoneManager.ZoneData,6db93197-f051-4bac-8678-607d578c877d,Mechanical Area,,,,,,,,,,
Mechanical,danielle.r.love@usace.army.mil,2014-01-03T06:05:45,Occupancy Zone,1C11,"Autodesk Revit 2014, Build: 20131024_2115(x64)",RDES.Revit.COBie.COBieExtension.ZoneManager.ZoneData,6db93197-f051-4bac-8678-607d578c877d,Mechanical Area,,,,,,,,,,
Mechanical,danielle.r.love@usace.army.mil,2014-01-03T06:05:45,Occupancy Zone,1C13,"Autodesk Revit 2014, Build: 20131024_2115(x64)",RDES.Revit.COBie.COBieExtension.ZoneManager.ZoneData,6db93197-f051-4bac-8678-607d578c877d,Mechanical Area,,,,,,,,,,
Mechanical,danielle.r.love@usace.army.mil,2014-01-03T06:05:45,Occupancy Zone,1F01,"Autodesk Revit 2014, Build: 20131024_2115(x64)",RDES.Revit.COBie.COBieExtension.ZoneManager.ZoneData,6db93197-f051-4bac-8678-607d578c877d,Mechanical Area,,,,,,,,,,
Mechanical,danielle.r.love@usace.army.mil,2014-01-03T06:05:45,Occupancy Zone,2B12,"Autodesk Revit 2014, Build: 20131024_2115(x64)",RDES.Revit.COBie.COBieExtension.ZoneManager.ZoneData,6db93197-f051-4bac-8678-607d578c877d,Mechanical Area,,,,,,,,,,
Mechanical,danielle.r.love@usace.army.mil,2014-01-03T06:05:45,Occupancy Zone,2B13,"Autodesk Revit 2014, Build: 20131024_2115(x64)",RDES.Revit.COBie.COBieExtension.ZoneManager.ZoneData,6db93197-f051-4bac-8678-607d578c877d,Mechanical Area,,,,,,,,,,
Mechanical,danielle.r.love@usace.army.mil,2014-01-03T06:05:45,Occupancy Zone,2C15,"Autodesk Revit 2014, Build: 20131024_2115(x64)",RDES.Revit.COBie.COBieExtension.ZoneManager.ZoneData,6db93197-f051-4bac-8678-607d578c877d,Mechanical Area,,,,,,,,,,
Mechanical,danielle.r.love@usace.army.mil,2014-01-03T06:05:45,Occupancy Zone,2C18,"Autodesk Revit 2014, Build: 20131024_2115(x64)",RDES.Revit.COBie.COBieExtension.ZoneManager.ZoneData,6db93197-f051-4bac-8678-607d578c877d,Mechanical Area,,,,,,,,,,
Mechanical,danielle.r.love@usace.army.mil,2014-01-03T06:05:45,Occupancy Zone,2D05,"Autodesk Revit 2014, Build: 20131024_2115(x64)",RDES.Revit.COBie.COBieExtension.ZoneManager.ZoneData,6db93197-f051-4bac-8678-607d578c877d,Mechanical Area,,,,,,,,,,
Mental Health,danielle.r.love@usace.army.mil,2014-01-03T06:06:07,Occupancy Zone,2B01,"Autodesk Revit 2014, Build: 20131024_2115(x64)",RDES.Revit.COBie.COBieExtension.ZoneManager.ZoneData,eba0129f-ad59-4062-9a23-ae11491bf48b,Mental Health Department,,,,,,,,,,
Mental Health,danielle.r.love@usace.army.mil,2014-01-03T06:06:07,Occupancy Zone,2B03,"Autodesk Revit 2014, Build: 20131024_2115(x64)",RDES.Revit.COBie.COBieExtension.ZoneManager.ZoneData,eba0129f-ad59-4062-9a23-ae11491bf48b,Mental Health Department,,,,,,,,,,
Mental Health,danielle.r.love@usace.army.mil,2014-01-03T06:06:07,Occupancy Zone,2B04,"Autodesk Revit 2014, Build: 20131024_2115(x64)",RDES.Revit.COBie.COBieExtension.ZoneManager.ZoneData,eba0129f-ad59-4062-9a23-ae11491bf48b,Mental Health Department,,,,,,,,,,
Mental Health,danielle.r.love@usace.army.mil,2014-01-03T06:06:07,Occupancy Zone,2B05,"Autodesk Revit 2014, Build: 20131024_2115(x64)",RDES.Revit.COBie.COBieExtension.ZoneManager.ZoneData,eba0129f-ad59-4062-9a23-ae11491bf48b,Mental Health Department,,,,,,,,,,
Mental Health,danielle.r.love@usace.army.mil,2014-01-03T06:06:07,Occupancy Zone,2B06,"Autodesk Revit 2014, Build: 20131024_2115(x64)",RDES.Revit.COBie.COBieExtension.ZoneManager.ZoneData,eba0129f-ad59-4062-9a23-ae11491bf48b,Mental Health Department,,,,,,,,,,
Mental Health,danielle.r.love@usace.army.mil,2014-01-03T06:06:07,Occupancy Zone,2B07,"Autodesk Revit 2014, Build: 20131024_2115(x64)",RDES.Revit.COBie.COBieExtension.ZoneManager.ZoneData,eba0129f-ad59-4062-9a23-ae11491bf48b,Mental Health Department,,,,,,,,,,
Mental Health,danielle.r.love@usace.army.mil,2014-01-03T06:06:07,Occupancy Zone,2B08,"Autodesk Revit 2014, Build: 20131024_2115(x64)",RDES.Revit.COBie.COBieExtension.ZoneManager.ZoneData,eba0129f-ad59-4062-9a23-ae11491bf48b,Mental Health Department,,,,,,,,,,
Mental Health,danielle.r.love@usace.army.mil,2014-01-03T06:06:07,Occupancy Zone,2B09,"Autodesk Revit 2014, Build: 20131024_2115(x64)",RDES.Revit.COBie.COBieExtension.ZoneManager.ZoneData,eba0129f-ad59-4062-9a23-ae11491bf48b,Mental Health Department,,,,,,,,,,
Mental Health,danielle.r.love@usace.army.mil,2014-01-03T06:06:07,Occupancy Zone,2B10,"Autodesk Revit 2014, Build: 20131024_2115(x64)",RDES.Revit.COBie.COBieExtension.ZoneManager.ZoneData,eba0129f-ad59-4062-9a23-ae11491bf48b,Mental Health Department,,,,,,,,,,
Mental Health,danielle.r.love@usace.army.mil,2014-01-03T06:06:07,Occupancy Zone,2B11,"Autodesk Revit 2014, Build: 20131024_2115(x64)",RDES.Revit.COBie.COBieExtension.ZoneManager.ZoneData,eba0129f-ad59-4062-9a23-ae11491bf48b,Mental Health Department,,,,,,,,,,
Optometry,danielle.r.love@usace.army.mil,2014-01-03T06:06:24,Occupancy Zone,1C01,"Autodesk Revit 2014, Build: 20131024_2115(x64)",RDES.Revit.COBie.COBieExtension.ZoneManager.ZoneData,ffec3fe7-1925-4ada-8d1b-6854b864da35,Optometry Department,,,,,,,,,,
Optometry,danielle.r.love@usace.army.mil,2014-01-03T06:06:24,Occupancy Zone,1C02,"Autodesk Revit 2014, Build: 20131024_2115(x64)",RDES.Revit.COBie.COBieExtension.ZoneManager.ZoneData,ffec3fe7-1925-4ada-8d1b-6854b864da35,Optometry Department,,,,,,,,,,
Optometry,danielle.r.love@usace.army.mil,2014-01-03T06:06:24,Occupancy Zone,1C04,"Autodesk Revit 2014, Build: 20131024_2115(x64)",RDES.Revit.COBie.COBieExtension.ZoneManager.ZoneData,ffec3fe7-1925-4ada-8d1b-6854b864da35,Optometry Department,,,,,,,,,,
Optometry,danielle.r.love@usace.army.mil,2014-01-03T06:06:24,Occupancy Zone,1C05,"Autodesk Revit 2014, Build: 20131024_2115(x64)",RDES.Revit.COBie.COBieExtension.ZoneManager.ZoneData,ffec3fe7-1925-4ada-8d1b-6854b864da35,Optometry Department,,,,,,,,,,
Optometry,danielle.r.love@usace.army.mil,2014-01-03T06:06:24,Occupancy Zone,1C07,"Autodesk Revit 2014, Build: 20131024_2115(x64)",RDES.Revit.COBie.COBieExtension.ZoneManager.ZoneData,ffec3fe7-1925-4ada-8d1b-6854b864da35,Optometry Department,,,,,,,,,,
Optometry,danielle.r.love@usace.army.mil,2014-01-03T06:06:24,Occupancy Zone,1C08,"Autodesk Revit 2014, Build: 20131024_2115(x64)",RDES.Revit.COBie.COBieExtension.ZoneManager.ZoneData,ffec3fe7-1925-4ada-8d1b-6854b864da35,Optometry Department,,,,,,,,,,
Optometry,danielle.r.love@usace.army.mil,2014-01-03T06:06:24,Occupancy Zone,1C09,"Autodesk Revit 2014, Build: 20131024_2115(x64)",RDES.Revit.COBie.COBieExtension.ZoneManager.ZoneData,ffec3fe7-1925-4ada-8d1b-6854b864da35,Optometry Department,,,,,,,,,,
Optometry,danielle.r.love@usace.army.mil,2014-01-03T06:06:24,Occupancy Zone,1C10,"Autodesk Revit 2014, Build: 20131024_2115(x64)",RDES.Revit.COBie.COBieExtension.ZoneManager.ZoneData,ffec3fe7-1925-4ada-8d1b-6854b864da35,Optometry Department,,,,,,,,,,
Pathology,danielle.r.love@usace.army.mil,2014-01-03T06:06:47,Occupancy Zone,1B01,"Autodesk Revit 2014, Build: 20131024_2115(x64)",RDES.Revit.COBie.COBieExtension.ZoneManager.ZoneData,13aa894f-c180-424c-ba0a-fdb23bf302ce,Pathology Department,,,,,,,,,,
Pathology,danielle.r.love@usace.army.mil,2014-01-03T06:06:47,Occupancy Zone,1B02,"Autodesk Revit 2014, Build: 20131024_2115(x64)",RDES.Revit.COBie.COBieExtension.ZoneManager.ZoneData,13aa894f-c180-424c-ba0a-fdb23bf302ce,Pathology Department,,,,,,,,,,
Pathology,danielle.r.love@usace.army.mil,2014-01-03T06:06:47,Occupancy Zone,1B03,"Autodesk Revit 2014, Build: 20131024_2115(x64)",RDES.Revit.COBie.COBieExtension.ZoneManager.ZoneData,13aa894f-c180-424c-ba0a-fdb23bf302ce,Pathology Department,,,,,,,,,,
Pathology,danielle.r.love@usace.army.mil,2014-01-03T06:06:47,Occupancy Zone,1B04,"Autodesk Revit 2014, Build: 20131024_2115(x64)",RDES.Revit.COBie.COBieExtension.ZoneManager.ZoneData,13aa894f-c180-424c-ba0a-fdb23bf302ce,Pathology Department,,,,,,,,,,
Pathology,danielle.r.love@usace.army.mil,2014-01-03T06:06:47,Occupancy Zone,1B05,"Autodesk Revit 2014, Build: 20131024_2115(x64)",RDES.Revit.COBie.COBieExtension.ZoneManager.ZoneData,13aa894f-c180-424c-ba0a-fdb23bf302ce,Pathology Department,,,,,,,,,,
Pathology,danielle.r.love@usace.army.mil,2014-01-03T06:06:47,Occupancy Zone,1B06,"Autodesk Revit 2014, Build: 20131024_2115(x64)",RDES.Revit.COBie.COBieExtension.ZoneManager.ZoneData,13aa894f-c180-424c-ba0a-fdb23bf302ce,Pathology Department,,,,,,,,,,
Pathology,danielle.r.love@usace.army.mil,2014-01-03T06:06:47,Occupancy Zone,1B07,"Autodesk Revit 2014, Build: 20131024_2115(x64)",RDES.Revit.COBie.COBieExtension.ZoneManager.ZoneData,13aa894f-c180-424c-ba0a-fdb23bf302ce,Pathology Department,,,,,,,,,,
Pathology,danielle.r.love@usace.army.mil,2014-01-03T06:06:47,Occupancy Zone,1B08,"Autodesk Revit 2014, Build: 20131024_2115(x64)",RDES.Revit.COBie.COBieExtension.ZoneManager.ZoneData,13aa894f-c180-424c-ba0a-fdb23bf302ce,Pathology Department,,,,,,,,,,
Pathology,danielle.r.love@usace.army.mil,2014-01-03T06:06:47,Occupancy Zone,1B09,"Autodesk Revit 2014, Build: 20131024_2115(x64)",RDES.Revit.COBie.COBieExtension.ZoneManager.ZoneData,13aa894f-c180-424c-ba0a-fdb23bf302ce,Pathology Department,,,,,,,,,,
Pathology,danielle.r.love@usace.army.mil,2014-01-03T06:06:47,Occupancy Zone,1B10,"Autodesk Revit 2014, Build: 20131024_2115(x64)",RDES.Revit.COBie.COBieExtension.ZoneManager.ZoneData,13aa894f-c180-424c-ba0a-fdb23bf302ce,Pathology Department,,,,,,,,,,
Pathology,danielle.r.love@usace.army.mil,2014-01-03T06:06:47,Occupancy Zone,1B11,"Autodesk Revit 2014, Build: 20131024_2115(x64)",RDES.Revit.COBie.COBieExtension.ZoneManager.ZoneData,13aa894f-c180-424c-ba0a-fdb23bf302ce,Pathology Department,,,,,,,,,,
Pediatrics,danielle.r.love@usace.army.mil,2014-01-03T06:07:18,Occupancy Zone,1E11,"Autodesk Revit 2014, Build: 20131024_2115(x64)",RDES.Revit.COBie.COBieExtension.ZoneManager.ZoneData,4f2e633a-993b-405e-82b8-aaf58aef94d6,Pediatric Department,,,,,,,,,,
Pediatrics,danielle.r.love@usace.army.mil,2014-01-03T06:07:18,Occupancy Zone,1E12,"Autodesk Revit 2014, Build: 20131024_2115(x64)",RDES.Revit.COBie.COBieExtension.ZoneManager.ZoneData,4f2e633a-993b-405e-82b8-aaf58aef94d6,Pediatric Department,,,,,,,,,,
Pediatrics,danielle.r.love@usace.army.mil,2014-01-03T06:07:18,Occupancy Zone,1E33,"Autodesk Revit 2014, Build: 20131024_2115(x64)",RDES.Revit.COBie.COBieExtension.ZoneManager.ZoneData,4f2e633a-993b-405e-82b8-aaf58aef94d6,Pediatric Department,,,,,,,,,,
Pediatrics,danielle.r.love@usace.army.mil,2014-01-03T06:07:18,Occupancy Zone,1D25,"Autodesk Revit 2014, Build: 20131024_2115(x64)",RDES.Revit.COBie.COBieExtension.ZoneManager.ZoneData,4f2e633a-993b-405e-82b8-aaf58aef94d6,Pediatric Department,,,,,,,,,,
Pediatrics,danielle.r.love@usace.army.mil,2014-01-03T06:07:18,Occupancy Zone,1D26,"Autodesk Revit 2014, Build: 20131024_2115(x64)",RDES.Revit.COBie.COBieExtension.ZoneManager.ZoneData,4f2e633a-993b-405e-82b8-aaf58aef94d6,Pediatric Department,,,,,,,,,,
Pediatrics,danielle.r.love@usace.army.mil,2014-01-03T06:07:18,Occupancy Zone,1D28,"Autodesk Revit 2014, Build: 20131024_2115(x64)",RDES.Revit.COBie.COBieExtension.ZoneManager.ZoneData,4f2e633a-993b-405e-82b8-aaf58aef94d6,Pediatric Department,,,,,,,,,,
Pediatrics,danielle.r.love@usace.army.mil,2014-01-03T06:07:18,Occupancy Zone,1D31,"Autodesk Revit 2014, Build: 20131024_2115(x64)",RDES.Revit.COBie.COBieExtension.ZoneManager.ZoneData,4f2e633a-993b-405e-82b8-aaf58aef94d6,Pediatric Department,,,,,,,,,,
Pediatrics,danielle.r.love@usace.army.mil,2014-01-03T06:07:18,Occupancy Zone,1D32,"Autodesk Revit 2014, Build: 20131024_2115(x64)",RDES.Revit.COBie.COBieExtension.ZoneManager.ZoneData,4f2e633a-993b-405e-82b8-aaf58aef94d6,Pediatric Department,,,,,,,,,,
Pediatrics,danielle.r.love@usace.army.mil,2014-01-03T06:07:18,Occupancy Zone,1D33,"Autodesk Revit 2014, Build: 20131024_2115(x64)",RDES.Revit.COBie.COBieExtension.ZoneManager.ZoneData,4f2e633a-993b-405e-82b8-aaf58aef94d6,Pediatric Department,,,,,,,,,,
Pediatrics,danielle.r.love@usace.army.mil,2014-01-03T06:07:18,Occupancy Zone,1D34,"Autodesk Revit 2014, Build: 20131024_2115(x64)",RDES.Revit.COBie.COBieExtension.ZoneManager.ZoneData,4f2e633a-993b-405e-82b8-aaf58aef94d6,Pediatric Department,,,,,,,,,,
Pediatrics,danielle.r.love@usace.army.mil,2014-01-03T06:07:18,Occupancy Zone,1D35,"Autodesk Revit 2014, Build: 20131024_2115(x64)",RDES.Revit.COBie.COBieExtension.ZoneManager.ZoneData,4f2e633a-993b-405e-82b8-aaf58aef94d6,Pediatric Department,,,,,,,,,,
Pediatrics,danielle.r.love@usace.army.mil,2014-01-03T06:07:18,Occupancy Zone,1D36,"Autodesk Revit 2014, Build: 20131024_2115(x64)",RDES.Revit.COBie.COBieExtension.ZoneManager.ZoneData,4f2e633a-993b-405e-82b8-aaf58aef94d6,Pediatric Department,,,,,,,,,,
Pediatrics,danielle.r.love@usace.army.mil,2014-01-03T06:07:18,Occupancy Zone,1D38,"Autodesk Revit 2014, Build: 20131024_2115(x64)",RDES.Revit.COBie.COBieExtension.ZoneManager.ZoneData,4f2e633a-993b-405e-82b8-aaf58aef94d6,Pediatric Department,,,,,,,,,,
Pharmacy,danielle.r.love@usace.army.mil,2014-01-03T06:07:42,Occupancy Zone,1A08,"Autodesk Revit 2014, Build: 20131024_2115(x64)",RDES.Revit.COBie.COBieExtension.ZoneManager.ZoneData,78a35709-e603-493b-909d-57116985fb1e,Pharmacy Department,,,,,,,,,,
Pharmacy,danielle.r.love@usace.army.mil,2014-01-03T06:07:42,Occupancy Zone,1A09,"Autodesk Revit 2014, Build: 20131024_2115(x64)",RDES.Revit.COBie.COBieExtension.ZoneManager.ZoneData,78a35709-e603-493b-909d-57116985fb1e,Pharmacy Department,,,,,,,,,,
Pharmacy,danielle.r.love@usace.army.mil,2014-01-03T06:07:42,Occupancy Zone,1A10,"Autodesk Revit 2014, Build: 20131024_2115(x64)",RDES.Revit.COBie.COBieExtension.ZoneManager.ZoneData,78a35709-e603-493b-909d-57116985fb1e,Pharmacy Department,,,,,,,,,,
Pharmacy,danielle.r.love@usace.army.mil,2014-01-03T06:07:42,Occupancy Zone,1A12,"Autodesk Revit 2014, Build: 20131024_2115(x64)",RDES.Revit.COBie.COBieExtension.ZoneManager.ZoneData,78a35709-e603-493b-909d-57116985fb1e,Pharmacy Department,,,,,,,,,,
Pharmacy,danielle.r.love@usace.army.mil,2014-01-03T06:07:42,Occupancy Zone,1A13,"Autodesk Revit 2014, Build: 20131024_2115(x64)",RDES.Revit.COBie.COBieExtension.ZoneManager.ZoneData,78a35709-e603-493b-909d-57116985fb1e,Pharmacy Department,,,,,,,,,,
Pharmacy,danielle.r.love@usace.army.mil,2014-01-03T06:07:42,Occupancy Zone,1A14,"Autodesk Revit 2014, Build: 20131024_2115(x64)",RDES.Revit.COBie.COBieExtension.ZoneManager.ZoneData,78a35709-e603-493b-909d-57116985fb1e,Pharmacy Department,,,,,,,,,,
Pharmacy,danielle.r.love@usace.army.mil,2014-01-03T06:07:42,Occupancy Zone,1A15,"Autodesk Revit 2014, Build: 20131024_2115(x64)",RDES.Revit.COBie.COBieExtension.ZoneManager.ZoneData,78a35709-e603-493b-909d-57116985fb1e,Pharmacy Department,,,,,,,,,,
Pharmacy,danielle.r.love@usace.army.mil,2014-01-03T06:07:42,Occupancy Zone,1A16,"Autodesk Revit 2014, Build: 20131024_2115(x64)",RDES.Revit.COBie.COBieExtension.ZoneManager.ZoneData,78a35709-e603-493b-909d-57116985fb1e,Pharmacy Department,,,,,,,,,,
Radiology,danielle.r.love@usace.army.mil,2014-01-03T06:08:02,Occupancy Zone,1B13,"Autodesk Revit 2014, Build: 20131024_2115(x64)",RDES.Revit.COBie.COBieExtension.ZoneManager.ZoneData,f833b022-d26e-4c8b-81e2-0684b3ffed4f,Radiology Department,,,,,,,,,,
Radiology,danielle.r.love@usace.army.mil,2014-01-03T06:08:02,Occupancy Zone,1B15,"Autodesk Revit 2014, Build: 20131024_2115(x64)",RDES.Revit.COBie.COBieExtension.ZoneManager.ZoneData,f833b022-d26e-4c8b-81e2-0684b3ffed4f,Radiology Department,,,,,,,,,,
Radiology,danielle.r.love@usace.army.mil,2014-01-03T06:08:02,Occupancy Zone,1B17,"Autodesk Revit 2014, Build: 20131024_2115(x64)",RDES.Revit.COBie.COBieExtension.ZoneManager.ZoneData,f833b022-d26e-4c8b-81e2-0684b3ffed4f,Radiology Department,,,,,,,,,,
Radiology,danielle.r.love@usace.army.mil,2014-01-03T06:08:02,Occupancy Zone,1B19,"Autodesk Revit 2014, Build: 20131024_2115(x64)",RDES.Revit.COBie.COBieExtension.ZoneManager.ZoneData,f833b022-d26e-4c8b-81e2-0684b3ffed4f,Radiology Department,,,,,,,,,,
Records,danielle.r.love@usace.army.mil,2014-01-03T06:08:21,Occupancy Zone,1D19,"Autodesk Revit 2014, Build: 20131024_2115(x64)",RDES.Revit.COBie.COBieExtension.ZoneManager.ZoneData,5e1215d3-fa1a-4017-bf69-b3745ee537ed,Records Area,,,,,,,,,,
Records,danielle.r.love@usace.army.mil,2014-01-03T06:08:21,Occupancy Zone,1D20,"Autodesk Revit 2014, Build: 20131024_2115(x64)",RDES.Revit.COBie.COBieExtension.ZoneManager.ZoneData,5e1215d3-fa1a-4017-bf69-b3745ee537ed,Records Area,,,,,,,,,,
Records,danielle.r.love@usace.army.mil,2014-01-03T06:08:21,Occupancy Zone,1D21,"Autodesk Revit 2014, Build: 20131024_2115(x64)",RDES.Revit.COBie.COBieExtension.ZoneManager.ZoneData,5e1215d3-fa1a-4017-bf69-b3745ee537ed,Records Area,,,,,,,,,,
Records,danielle.r.love@usace.army.mil,2014-01-03T06:08:21,Occupancy Zone,1D22,"Autodesk Revit 2014, Build: 20131024_2115(x64)",RDES.Revit.COBie.COBieExtension.ZoneManager.ZoneData,5e1215d3-fa1a-4017-bf69-b3745ee537ed,Records Area,,,,,,,,,,
Records,danielle.r.love@usace.army.mil,2014-01-03T06:08:21,Occupancy Zone,1D23,"Autodesk Revit 2014, Build: 20131024_2115(x64)",RDES.Revit.COBie.COBieExtension.ZoneManager.ZoneData,5e1215d3-fa1a-4017-bf69-b3745ee537ed,Records Area,,,,,,,,,,
Records,danielle.r.love@usace.army.mil,2014-01-03T06:08:21,Occupancy Zone,1D24,"Autodesk Revit 2014, Build: 20131024_2115(x64)",RDES.Revit.COBie.COBieExtension.ZoneManager.ZoneData,5e1215d3-fa1a-4017-bf69-b3745ee537ed,Records Area,,,,,,,,,,
Records,danielle.r.love@usace.army.mil,2014-01-03T06:08:21,Occupancy Zone,1D27,"Autodesk Revit 2014, Build: 20131024_2115(x64)",RDES.Revit.COBie.COBieExtension.ZoneManager.ZoneData,5e1215d3-fa1a-4017-bf69-b3745ee537ed,Records Area,,,,,,,,,,
Records,danielle.r.love@usace.army.mil,2014-01-03T06:08:21,Occupancy Zone,2B14,"Autodesk Revit 2014, Build: 20131024_2115(x64)",RDES.Revit.COBie.COBieExtension.ZoneManager.ZoneData,5e1215d3-fa1a-4017-bf69-b3745ee537ed,Records Area,,,,,,,,,,
AdultMedicine,danielle.r.love@usace.army.mil,2014-01-03T06:56:58,Occupancy Zone,1D02,"Autodesk Revit 2014, Build: 20131024_2115(x64)",RDES.Revit.COBie.COBieExtension.ZoneManager.ZoneData,42d0ad5b-ff02-4c29-9c77-744a95cf63d6,Adult Medicine Department,,,,,,,,,,
AdultMedicine,danielle.r.love@usace.army.mil,2014-01-03T06:56:58,Occupancy Zone,1D04,"Autodesk Revit 2014, Build: 20131024_2115(x64)",RDES.Revit.COBie.COBieExtension.ZoneManager.ZoneData,42d0ad5b-ff02-4c29-9c77-744a95cf63d6,Adult Medicine Department,,,,,,,,,,
AdultMedicine,danielle.r.love@usace.army.mil,2014-01-03T06:56:58,Occupancy Zone,1D05,"Autodesk Revit 2014, Build: 20131024_2115(x64)",RDES.Revit.COBie.COBieExtension.ZoneManager.ZoneData,42d0ad5b-ff02-4c29-9c77-744a95cf63d6,Adult Medicine Department,,,,,,,,,,
AdultMedicine,danielle.r.love@usace.army.mil,2014-01-03T06:56:58,Occupancy Zone,1D06,"Autodesk Revit 2014, Build: 20131024_2115(x64)",RDES.Revit.COBie.COBieExtension.ZoneManager.ZoneData,42d0ad5b-ff02-4c29-9c77-744a95cf63d6,Adult Medicine Department,,,,,,,,,,
AdultMedicine,danielle.r.love@usace.army.mil,2014-01-03T06:56:58,Occupancy Zone,1D07,"Autodesk Revit 2014, Build: 20131024_2115(x64)",RDES.Revit.COBie.COBieExtension.ZoneManager.ZoneData,42d0ad5b-ff02-4c29-9c77-744a95cf63d6,Adult Medicine Department,,,,,,,,,,
AdultMedicine,danielle.r.love@usace.army.mil,2014-01-03T06:56:58,Occupancy Zone,1D08,"Autodesk Revit 2014, Build: 20131024_2115(x64)",RDES.Revit.COBie.COBieExtension.ZoneManager.ZoneData,42d0ad5b-ff02-4c29-9c77-744a95cf63d6,Adult Medicine Department,,,,,,,,,,
AdultMedicine,danielle.r.love@usace.army.mil,2014-01-03T06:56:58,Occupancy Zone,1D09,"Autodesk Revit 2014, Build: 20131024_2115(x64)",RDES.Revit.COBie.COBieExtension.ZoneManager.ZoneData,42d0ad5b-ff02-4c29-9c77-744a95cf63d6,Adult Medicine Department,,,,,,,,,,
AdultMedicine,danielle.r.love@usace.army.mil,2014-01-03T06:56:58,Occupancy Zone,1D10,"Autodesk Revit 2014, Build: 20131024_2115(x64)",RDES.Revit.COBie.COBieExtension.ZoneManager.ZoneData,42d0ad5b-ff02-4c29-9c77-744a95cf63d6,Adult Medicine Department,,,,,,,,,,
AdultMedicine,danielle.r.love@usace.army.mil,2014-01-03T06:56:58,Occupancy Zone,1D11,"Autodesk Revit 2014, Build: 20131024_2115(x64)",RDES.Revit.COBie.COBieExtension.ZoneManager.ZoneData,42d0ad5b-ff02-4c29-9c77-744a95cf63d6,Adult Medicine Department,,,,,,,,,,
AdultMedicine,danielle.r.love@usace.army.mil,2014-01-03T06:56:58,Occupancy Zone,1D12,"Autodesk Revit 2014, Build: 20131024_2115(x64)",RDES.Revit.COBie.COBieExtension.ZoneManager.ZoneData,42d0ad5b-ff02-4c29-9c77-744a95cf63d6,Adult Medicine Department,,,,,,,,,,
AdultMedicine,danielle.r.love@usace.army.mil,2014-01-03T06:56:58,Occupancy Zone,1D13,"Autodesk Revit 2014, Build: 20131024_2115(x64)",RDES.Revit.COBie.COBieExtension.ZoneManager.ZoneData,42d0ad5b-ff02-4c29-9c77-744a95cf63d6,Adult Medicine Department,,,,,,,,,,
AdultMedicine,danielle.r.love@usace.army.mil,2014-01-03T06:56:58,Occupancy Zone,1D14,"Autodesk Revit 2014, Build: 20131024_2115(x64)",RDES.Revit.COBie.COBieExtension.ZoneManager.ZoneData,42d0ad5b-ff02-4c29-9c77-744a95cf63d6,Adult Medicine Department,,,,,,,,,,
AdultMedicine,danielle.r.love@usace.army.mil,2014-01-03T06:56:58,Occupancy Zone,1D15,"Autodesk Revit 2014, Build: 20131024_2115(x64)",RDES.Revit.COBie.COBieExtension.ZoneManager.ZoneData,42d0ad5b-ff02-4c29-9c77-744a95cf63d6,Adult Medicine Department,,,,,,,,,,
AdultMedicine,danielle.r.love@usace.army.mil,2014-01-03T06:56:58,Occupancy Zone,1D16,"Autodesk Revit 2014, Build: 20131024_2115(x64)",RDES.Revit.COBie.COBieExtension.ZoneManager.ZoneData,42d0ad5b-ff02-4c29-9c77-744a95cf63d6,Adult Medicine Department,,,,,,,,,,
AdultMedicine,danielle.r.love@usace.army.mil,2014-01-03T06:56:58,Occupancy Zone,1D18,"Autodesk Revit 2014, Build: 20131024_2115(x64)",RDES.Revit.COBie.COBieExtension.ZoneManager.ZoneData,42d0ad5b-ff02-4c29-9c77-744a95cf63d6,Adult Medicine Department,,,,,,,,,,
AdultMedicine,danielle.r.love@usace.army.mil,2014-01-03T06:56:58,Occupancy Zone,1D30,"Autodesk Revit 2014, Build: 20131024_2115(x64)",RDES.Revit.COBie.COBieExtension.ZoneManager.ZoneData,42d0ad5b-ff02-4c29-9c77-744a95cf63d6,Adult Medicine Department,,,,,,,,,,
AdultMedicine,danielle.r.love@usace.army.mil,2014-01-03T06:56:58,Occupancy Zone,1D40,"Autodesk Revit 2014, Build: 20131024_2115(x64)",RDES.Revit.COBie.COBieExtension.ZoneManager.ZoneData,42d0ad5b-ff02-4c29-9c77-744a95cf63d6,Adult Medicine Department,,,,,,,,,,
